040,36,w,,,,,,Ante,nte,,,,,lat,,,,40-02,,,,
040,37,w,,,,,,t(ri)bunal,tbunal,,,,,lat,,,,40-02,,,,
040,38,w,,,,,,(Christ)i,xp̅ı,,,,,lat,,,,40-02,,,,
040,39,w,,,,,,recept(ur)i,receptᷣı,,,,,lat,,,,40-02,,,,
040,40,w,,,,,,prout,prout,,,,,lat,,,,40-02,,,,
040,41,w,,,,,,in,ín,,,,,lat,,,,40-02,,,,
040,42,w,,,,,,corp(or)e,coꝛꝑe,,,,,lat,,,,40-02,,,,
040,43,w,,,,,,gessimus,geſſımus,,,,,lat,,,,40-02,,,,
040,44,w,,,,,,siue,ſıue,,,,,lat,,,,40-02,,,,
040,45,w,,,,,,bonu(m),bonu̅,,,,,lat,,,,40-02,,,,
040,46,w,,,,,,fuerit,fuerít,,,,,lat,,,,40-02,,,,
040,47,w,,,,,,siue,ſıue,,,,,lat,,,,40-02,,,,
040,48,w,,,,,,malum,malu,,,,,lat,,,,40-02,,,,
040,49,lm,40-03,,,,,,,,,,,,,,,,,,,
040,50,w,,,,,,oportet,opoꝛtet,,,,,lat,,,,40-03,,,,
040,51,w,,,,,,nos,nos,,,,,lat,,,,40-03,,,,
040,52,w,,,,,,diem,ꝺıe,,,,,lat,,,,40-03,,,,
040,53,w,,,,,,messionis,meſſıonís,,,,,lat,,,,40-03,,,,
040,54,w,,,,,,extreme,extreme,,,,,lat,,,,40-03,,,,
040,55,w,,,,,,misericordie,mıſerıcoꝛꝺıe,,,,,lat,,,,40-03,,,,
040,56,w,,,,,,op(er)ibus,oꝑıbus,,,,,lat,,,,40-03,,,,
040,57,w,,,,,,p(re)uenire,p͛uenıre,,,,,lat,,,,40-03,,,,
040,58,p,,,,,,/,/,,,,,lat,,,,40-03,,,,
040,59,w,,,,,,Ac,c,,,,,lat,,,,40-03,,,,
040,60,w,,,,,,et(er)nor(um),et͛noꝝ,,,,,lat,,,,40-03,,,,
040,61,w,,,,,,intuitu,íntuıtu,,,,,lat,,,,40-03,,,,
040,62,w,,,,,,seminare,semínare,,,,,lat,,,,40-03,,,,
040,63,w,,,,,,in,ín,,,,,lat,,,,40-03,,,,
040,64,w,,,,,,terris,terrıs,,,,,lat,,,,40-03,,,,
040,65,w,,,,,,quod,quoꝺ,,,,,lat,,,,40-03,,,,
040,66,w,,,,,,reddente,reꝺꝺente,,,,,lat,,,,40-03,,,,
040,67,lm,40-04,,,,,,,,,,,,,,,,,,,
040,68,w,,,,,,d(omi)no,ꝺn̅o,,,,,lat,,,,40-04,,,,
040,69,w,,,,,,cum,cu,,,,,lat,,,,40-04,,,,
040,70,w,,,,,,m(u)ltiplicato,ml̅tıplıcato,,,,,lat,,,,40-04,,,,
040,71,w,,,,,,fructu,fruu,,,,,lat,,,,40-04,,,,
040,72,w,,,,,,recolligere,recollıgere,,,,,lat,,,,40-04,,,,
040,73,w,,,,,,debeam(us),ꝺebeam᷒,,,,,lat,,,,40-04,,,,
040,74,w,,,,,,in,ın,,,,,lat,,,,40-04,,,,
040,75,w,,,,,,celis,celıs,,,,,lat,,,,40-04,,,,
040,76,w,,,,,,firmam,fírma,,,,,lat,,,,40-04,,,,
040,77,w,,,,,,spem,ſpe,,,,,lat,,,,40-04,,,,
040,78,w,,,,,,fiduciam q(ue),fıꝺucıa qꝫ,,,,,lat,,,,40-04,,,,
040,79,w,,,,,,tenentes,tenentes,,,,,lat,,,,40-04,,,,
040,80,p,,,,,,/,/,,,,,lat,,,,40-04,,,,
040,81,w,,,,,,q(uonia)m,q̅,,,,,lat,,,,40-04,,,,
040,82,w,,,,,,qui,quí,,,,,lat,,,,40-04,,,,
040,83,w,,,,,,parce,parce,,,,,lat,,,,40-04,,,,
040,84,w,,,,,,seminat,ſemınat,,,,,lat,,,,40-04,,,,
040,85,lm,40-05,,,,,,,,,,,,,,,,,,,
040,86,w,,,,,,parce,parce,,,,,lat,,,,40-05,,,,
040,87,w,,,,,,(et),,,,,,lat,,,,40-05,,,,
040,88,w,,,,,,metet,metet,,,,,lat,,,,40-05,,,,
040,89,p,,,,,,/,/,,,,,lat,,,,40-05,,,,
040,90,w,,,,,,(et),,,,,,lat,,,,40-05,,,,
040,91,w,,,,,,qui,quí,,,,,lat,,,,40-05,,,,
040,92,w,,,,,,seminat,ſemínat,,,,,lat,,,,40-05,,,,
040,93,w,,,,,,in,ín,,,,,lat,,,,40-05,,,,
040,94,w,,,,,,b(e)n(e)d(i)c(ti)o(n)ib(us),bn̅ꝺc̅oıbꝫ,,,,,lat,,,,40-05,,,,
040,95,p,,,,,,/,/,,,,,lat,,,,40-05,,,,
040,96,w,,,,,,de,ꝺe,,,,,lat,,,,40-05,,,,
040,97,w,,,,,,b(e)n(e)d(i)c(ti)onib(us),bn̅ꝺc̅onıbꝫ,,,,,lat,,,,40-05,,,,
040,98,w,,,,,,(et),,,,,,lat,,,,40-05,,,,
040,99,w,,,,,,metet,metet,,,,,lat,,,,40-05,,,,
040,100,w,,,,,,uitam,uíta,,,,,lat,,,,40-05,,,,
040,101,w,,,,,,et(er)nam,et͛na,,,,,lat,,,,40-05,,,,
040,102,p,,,,,,.,.,,,,,lat,,,,40-05,,,,
040,103,w,,,,,,Cum,Cu,,,,,lat,,,,40-05,,,,
040,104,w,,,,,,igitur,ıgıtur,,,,,lat,,,,40-05,,,,
040,105,w,,,,,,dil(e)c(t)e,ꝺıl̅ce,,,,,lat,,,,40-05,,,,
040,106,w,,,,,,nobis,nobıs,,,,,lat,,,,40-05,,,,
040,107,w,,,,,,in,ín,,,,,lat,,,,40-05,,,,
040,108,w,,,,,,(Christ)o,xp̅o,,,,,lat,,,,40-05,,,,
040,109,w,,,,,,monia¦les,monía-¦les,,,,,lat,,,,40-05—40-06,,,,
040,110,w,,,,,,recluse,recluſe,,,,,lat,,,,40-06,,,,
040,111,w,,,,,,ordinis,oꝛꝺınís,,,,,lat,,,,40-06,,,,
040,112,w,,,,,,s(an)c(t)i,ſc̅ı,,,,,lat,,,,40-06,,,,
040,113,PE,b,,,,,,,,,,,,,,,,144,,,
040,114,w,,,,,,Damianj,Damıan,,,,,lat,,,,40-06,144,,,
040,115,PE,e,,,,,,,,,,,,,,,,144,,,
040,116,PL,b,149380,,,,,,,,,,,,,,,,,118,
040,117,w,,,,,,Roskilden(sis),Roskılꝺen̅,,,,,lat,,,,40-06,,,118,
040,118,PL,e,149380,,,,,,,,,,,,,,,,,118,
040,119,w,,,,,,pro,pro,,,,,lat,,,,40-06,,,,
040,120,w,,,,,,eccl(es)ia,eccl̅ıa,,,,,lat,,,,40-06,,,,
040,121,w,,,,,,(et),,,,,,lat,,,,40-06,,,,
040,122,w,,,,,,edificiis,eꝺıfıcíıs,,,,,lat,,,,40-06,,,,
040,123,w,,,,,,monast(er)ij,onaſt͛ıȷ,,,,,lat,,,,40-06,,,,
040,124,w,,,,,,sui,ſuí,,,,,lat,,,,40-06,,,,
040,125,p,,,,,,/,/,,,,,lat,,,,40-06,,,,
040,126,w,,,,,,Ac,c,,,,,lat,,,,40-06,,,,
040,127,w,,,,,,etiam,etıa,,,,,lat,,,,40-06,,,,
040,128,w,,,,,,sustentat(i)o(n)e,ſuﬅentat̅oe,,,,,lat,,,,40-06,,,,
040,129,w,,,,,,Arte,rte,,,,,lat,,,,40-06,,,,
040,130,w,,,,,,uite,uíte,,,,,lat,,,,40-06,,,,
040,131,w,,,,,,ip(s)ar(um),ıp̅aꝝ,,,,,lat,,,,40-06,,,,
040,132,w,,,,,,que,que,,,,,lat,,,,40-06,,,,
040,133,lm,40-07,,,,,,,,,,,,,,,,,,,
040,134,w,,,,,,pro,pro,,,,,lat,,,,40-07,,,,
040,135,w,,,,,,(Christ)o,xp̅o,,,,,lat,,,,40-07,,,,
040,136,w,,,,,,tante,tante,,,,,lat,,,,40-07,,,,
040,137,w,,,,,,rigorem,rıgoꝛe,,,,,lat,,,,40-07,,,,
040,138,w,,,,,,Religionis,Relıgıonís,,,,,lat,,,,40-07,,,,
040,139,w,,,,,,ferre,ferre,,,,,lat,,,,40-07,,,,
040,140,w,,,,,,decreuer(un)t,ꝺecreuer̅t,,,,,lat,,,,40-07,,,,
040,141,w,,,,,,elemosinis,elemoſínís,,,,,lat,,,,40-07,,,,
040,142,w,,,,,,indigeant,ínꝺıgent,,,,,lat,,,,40-07,,,,
040,143,w,,,,,,iuuarj,íuuar,,,,,lat,,,,40-07,,,,
040,144,w,,,,,,fideliu(m),fıꝺelıu̅,,,,,lat,,,,40-07,,,,
040,145,p,,,,,,/,/,,,,,lat,,,,40-07,,,,
040,146,w,,,,,,quibus,quıbus,,,,,lat,,,,40-07,,,,
040,147,w,,,,,,ip(s)e,ıp̅e,,,,,lat,,,,40-07,,,,
040,148,w,,,,,,or(ati)onum,or̅onu,,,,,lat,,,,40-07,,,,
040,149,w,,,,,,suar(um),ſuaꝝ,,,,,lat,,,,40-07—40-08,,,,
040,150,lm,40-08,,,,,,,,,,,,,,,,,,,
040,151,w,,,,,,s(u)bsidia,ſb̅sıꝺıa,,,,,lat,,,,40-08,,,,
040,152,w,,,,,,rependere,repenꝺere,,,,,lat,,,,40-08,,,,
040,153,w,,,,,,student,ﬅuꝺent,,,,,lat,,,,40-08,,,,
040,154,p,,,,,,/,/,,,,,lat,,,,40-08,,,,
040,155,w,,,,,,vniu(er)sitate(m),ỽníu͛ſıtate̅,,,,,lat,,,,40-08,,,,
040,156,w,,,,,,u(est)ram,ur̅a,,,,,lat,,,,40-08,,,,
040,157,w,,,,,,rogam(us),rogam᷒,,,,,lat,,,,40-08,,,,
040,158,w,,,,,,(et),,,,,,lat,,,,40-08,,,,
040,159,w,,,,,,hortam(ur),hoꝛtam᷑,,,,,lat,,,,40-08,,,,
040,160,w,,,,,,in,ín,,,,,lat,,,,40-08,,,,
040,161,w,,,,,,d(omi)no,ꝺn̅o,,,,,lat,,,,40-08,,,,
040,162,w,,,,,,in,ín,,,,,lat,,,,40-08,,,,
040,163,w,,,,,,remissione(m),remıſſıone̅,,,,,lat,,,,40-08,,,,
040,164,w,,,,,,uob(is),uob̅,,,,,lat,,,,40-08,,,,
040,165,w,,,,,,p(e)ccaminu(m),pc̅camínu̅,,,,,lat,,,,40-08,,,,
040,166,w,,,,,,iniu(n)gentes,íníu̅genteſ,,,,,lat,,,,40-08,,,,
040,167,p,,,,,,/,/,,,,,lat,,,,40-08,,,,
040,168,w,,,,,,q(ua)¦t(enus),q-¦tꝰ,,,,,lat,,,,40-08—40-09,,,,
040,169,w,,,,,,eis,eıs,,,,,lat,,,,40-09,,,,
040,170,w,,,,,,pias,pıas,,,,,lat,,,,40-09,,,,
040,171,w,,,,,,elemosinas,elemoſínas,,,,,lat,,,,40-09,,,,
040,172,p,,,,,,/,/,,,,,lat,,,,40-09,,,,
040,173,w,,,,,,(et),,,,,,lat,,,,40-09,,,,
040,174,w,,,,,,grata,grat,,,,,lat,,,,40-09,,,,
040,175,w,,,,,,caritatis,carıtatıs,,,,,lat,,,,40-09,,,,
040,176,w,,,,,,s(u)bsidia,ſb̅sıꝺıa,,,,,lat,,,,40-09,,,,
040,177,w,,,,,,erogetis,erogetís,,,,,lat,,,,40-09,,,,
040,178,p,,,,,,/,/,,,,,lat,,,,40-09,,,,
040,179,w,,,,,,ut,ut,,,,,lat,,,,40-09,,,,
040,180,w,,,,,,p(er),ꝑ,,,,,lat,,,,40-09,,,,
040,181,w,,,,,,s(u)buent(i)onem,ſb̅uent̅one,,,,,lat,,,,40-09,,,,
040,182,w,,,,,,u(est)ram,ur̅a,,,,,lat,,,,40-09,,,,
040,183,w,,,,,,opus,opus,,,,,lat,,,,40-09,,,,
040,184,w,,,,,,hui(us)modi,huıꝰmoꝺı,,,,,lat,,,,40-09,,,,
040,185,w,,,,,,consumari,conſumarí,,,,,lat,,,,40-09,,,,
040,186,w,,,,,,ualeat,ualeat,,,,,lat,,,,40-09,,,,
040,187,w,,,,,,(et),,,,,,lat,,,,40-09,,,,
040,188,p,,,,,,/,/,,,,,lat,,,,40-09,,,,
040,189,lm,40-10,,,,,,,,,,,,,,,,,,,
040,190,w,,,,,,alias,alıas,,,,,lat,,,,40-10,,,,
040,191,w,,,,,,ear(um),eaꝝ,,,,,lat,,,,40-10,,,,
040,192,w,,,,,,indigencie,ınꝺıgencıe,,,,,lat,,,,40-10,,,,
040,193,w,,,,,,prouid(er)j,prouıꝺ͛ȷ,,,,,lat,,,,40-10,,,,
040,194,p,,,,,,/,/,,,,,lat,,,,40-10,,,,
040,195,w,,,,,,Ac,c,,,,,lat,,,,40-10,,,,
040,196,w,,,,,,uos,uos,,,,,lat,,,,40-10,,,,
040,197,w,,,,,,p(er),ꝑ,,,,,lat,,,,40-10,,,,
040,198,w,,,,,,h(ec),h̅,,,,,lat,,,,40-10,,,,
040,199,w,,,,,,(et),,,,,,lat,,,,40-10,,,,
040,200,w,,,,,,alia,alıa,,,,,lat,,,,40-10,,,,
040,201,w,,,,,,bona,bona,,,,,lat,,,,40-10,,,,
040,202,w,,,,,,que,que,,,,,lat,,,,40-10,,,,
040,203,w,,,,,,d(omi)no,ꝺn̅o,,,,,lat,,,,40-10,,,,
040,204,w,,,,,,inspirante,ínſpırante,,,,,lat,,,,40-10,,,,
040,205,w,,,,,,fec(er)itis,fec͛ıtıs,,,,,lat,,,,40-10,,,,
040,206,p,,,,,,/,/,,,,,lat,,,,40-10,,,,
040,207,w,,,,,,ear(um),eaꝝ,,,,,lat,,,,40-10,,,,
040,208,w,,,,,,Adiutj,ꝺíutȷ,,,,,lat,,,,40-10,,,,
040,209,w,,,,,,p(re)cibus,p͛cıbus,,,,,lat,,,,40-10,,,,
040,210,p,,,,,,/,/,,,,,lat,,,,40-10,,,,
040,211,w,,,,,,Ad,ꝺ,,,,,lat,,,,40-10,,,,
040,212,w,,,,,,et(er)ne,et͛ne,,,,,lat,,,,40-10,,,,
040,213,w,,,,,,possitis,poſſıtıs,,,,,lat,,,,40-10,,,,
040,214,w,,,,,,feli¦citatis,felí-¦cıtatıs,,,,,lat,,,,40-10—40-11,,,,
040,215,w,,,,,,gaudia,gauꝺıa,,,,,lat,,,,40-11,,,,
040,216,w,,,,,,p(er)uenire,ꝑuenıre,,,,,lat,,,,40-11,,,,
040,217,p,,,,,,,,,,,,lat,,,,40-11,,,,
040,218,w,,,,,,Cupientes,Cupıenteſ,,,,,lat,,,,40-11,,,,
040,219,w,,,,,,eciam,ecıa,,,,,lat,,,,40-11,,,,
040,220,w,,,,,,ut,ut,,,,,lat,,,,40-11,,,,
040,221,w,,,,,,ear(un)dem,eaꝝꝺe,,,,,lat,,,,40-11,,,,
040,222,w,,,,,,ecc(clesi)a,ecc̅a,,,,,lat,,,,40-11,,,,
040,223,w,,,,,,congruis,congruís,,,,,lat,,,,40-11,,,,
040,224,w,,,,,,honorib(us),honoꝛıbꝫ,,,,,lat,,,,40-11,,,,
040,225,w,,,,,,freq(ue)ntet(ur),freq̅ntet᷑,,,,,lat,,,,40-11,,,,
040,226,p,,,,,,/,/,,,,,lat,,,,40-11,,,,
040,227,w,,,,,,om(n)ib(us),om̅ıbꝫ,,,,,lat,,,,40-11,,,,
040,228,w,,,,,,uere,uere,,,,,lat,,,,40-11,,,,
040,229,w,,,,,,penitentib(us),penítentıbꝫ,,,,,lat,,,,40-11,,,,
040,230,w,,,,,,(et),,,,,,lat,,,,40-11,,,,
040,231,w,,,,,,con¦fessis,con-¦feſſıs,,,,,lat,,,,40-11—40-12,,,,
040,232,w,,,,,,qui,quí,,,,,lat,,,,40-12,,,,
040,233,w,,,,,,eis,eıs,,,,,lat,,,,40-12,,,,
040,234,w,,,,,,pro,pro,,,,,lat,,,,40-12,,,,
040,235,w,,,,,,d(i)c(t)j,ꝺc̅ȷ,,,,,lat,,,,40-12,,,,
040,236,w,,,,,,(con)sumat(i)one,ꝯſumat̅one,,,,,lat,,,,40-12,,,,
040,237,w,,,,,,op(er)is,oꝑıs,,,,,lat,,,,40-12,,,,
040,238,p,,,,,,/,/,,,,,lat,,,,40-12,,,,
040,239,w,,,,,,u(e)l,ul̅,,,,,lat,,,,40-12,,,,
040,240,w,,,,,,ip(s)ar(um),ıp̅aꝝ,,,,,lat,,,,40-12,,,,
040,241,w,,,,,,!n(e)cc(ess)itatib(us)¡,!n̅ccıtatıbꝫ¡,,,,,lat,,,,40-12,,,,
040,242,w,,,,,,releuandis,releuanꝺıs,,,,,lat,,,,40-12,,,,
040,243,w,,,,,,manum,manu,,,,,lat,,,,40-12,,,,
040,244,w,,,,,,porrex(er)int,poꝛrex͛ınt,,,,,lat,,,,40-12,,,,
040,245,w,,,,,,Adiut(ri)cem,ꝺíutce,,,,,lat,,,,40-12,,,,
040,246,p,,,,,,/,/,,,,,lat,,,,40-12,,,,
040,247,w,,,,,,seu,ſeu,,,,,lat,,,,40-12,,,,
040,248,w,,,,,,ear(um),eaꝝ,,,,,lat,,,,40-12,,,,
040,249,w,,,,,,eccl(es)iam,eccl̅ıa,,,,,lat,,,,40-12,,,,
040,250,w,,,,,,cum,cu,,,,,lat,,,,40-12,,,,
040,251,lm,40-13,,,,,,,,,,,,,,,,,,,
040,252,w,,,,,,deuo(tio)ne,ꝺeuo̅ne,,,,,lat,,,,40-13,,,,
040,253,w,,,,,,(et),,,,,,lat,,,,40-13,,,,
040,254,w,,,,,,reuerencia,reuerencıa,,,,,lat,,,,40-13,,,,
040,255,w,,,,,,uisitau(er)int,uıſıtau͛ınt,,,,,lat,,,,40-13,,,,
040,256,p,,,,,,/,/,,,,,lat,,,,40-13,,,,
040,257,w,,,,,,de,ꝺe,,,,,lat,,,,40-13,,,,
040,258,w,,,,,,dei,ꝺeí,,,,,lat,,,,40-13,,,,
040,259,w,,,,,,om(n)ipot(e)ntis,om̅ıpotn̅tıs,,,,,lat,,,,40-13,,,,
040,260,w,,,,,,mi(sericordi)a,mı̅a,,,,,lat,,,,40-13,,,,
040,261,p,,,,,,.,.,,,,,lat,,,,40-13,,,,
040,262,w,,,,,,(et),,,,,,lat,,,,40-13,,,,
040,263,w,,,,,,b(ea)tor(um),bt̅oꝝ,,,,,lat,,,,40-13,,,,
040,264,PE,b,,,,,,,,,,,,,,,,145,,,
040,265,w,,,,,,Pet(ri),Pet,,,,,lat,,,,40-13,145,,,
040,266,PE,e,,,,,,,,,,,,,,,,145,,,
040,267,w,,,,,,(et),,,,,,lat,,,,40-13,,,,
040,268,PE,b,,,,,,,,,,,,,,,,146,,,
040,269,w,,,,,,pauli,paulí,,,,,lat,,,,40-13,146,,,
040,270,PE,e,,,,,,,,,,,,,,,,146,,,
040,271,w,,,,,,ap(osot)lor(um),apl̅oꝝ,,,,,lat,,,,40-13,,,,
040,272,w,,,,,,eius,eíus,,,,,lat,,,,40-13,,,,
040,273,w,,,,,,Auctoritate,uoꝛıtate,,,,,lat,,,,40-13,,,,
040,274,w,,,,,,confisi,confısí,,,,,lat,,,,40-13,,,,
040,275,p,,,,,,/,/,,,,,lat,,,,40-13,,,,
040,276,w,,,,,,vigintj,ỽıgíntȷ,,,,,lat,,,,40-13,,,,
040,277,w,,,,,,dies,ꝺıeſ,,,,,lat,,,,40-13,,,,
040,278,w,,,,,,de,ꝺe,,,,,lat,,,,40-13,,,,
040,279,lm,40-14,,,,,,,,,,,,,,,,,,,
040,280,w,,,,,,iniuncta,íníuna,,,,,lat,,,,40-14,,,,
040,281,w,,,,,,sibi,sıbí,,,,,lat,,,,40-14,,,,
040,282,w,,,,,,p(e)n(itent)ia,pn̅ía,,,,,lat,,,,40-14,,,,
040,283,w,,,,,,misericordit(er),mıſerıcoꝛꝺıt͛,,,,,lat,,,,40-14,,,,
040,284,w,,,,,,relaxamus,relaxamus,,,,,lat,,,,40-14,,,,
040,285,p,,,,,,.,.,,,,,lat,,,,40-14,,,,
040,286,d,e,2,,,,,,,,,,,,,,,,,,
040,287,d,b,3,,eschatocol,,,,,,,,,,,,,,,,
040,288,w,,,,,,Datum,Datu,,,,,lat,,,,40-14,,,,
040,289,PL,b,149195,,,,,,,,,,,,,,,,,119,
040,290,w,,,,,,Roskildis,Roskılꝺıs,,,,,lat,,,,40-14,,,119,
040,291,PL,e,149195,,,,,,,,,,,,,,,,,119,
040,292,w,,,,,,Anno,nno,,,,,lat,,,,40-14,,,,
040,293,w,,,,,,d(omi)nj,ꝺn̅ȷ,,,,,lat,,,,40-14,,,,
040,294,p,,,,,,.,.,,,,,lat,,,,40-14,,,,
040,295,n,,,,,,mº,ͦ,,,,,lat,,,,40-14,,,,
040,296,p,,,,,,.,.,,,,,lat,,,,40-14,,,,
040,297,n,,,,,,CCº,CͦC,,,,,lat,,,,40-14,,,,
040,298,p,,,,,,.,.,,,,,lat,,,,40-14,,,,
040,299,n,,,,,,Lº,Lͦ,,,,,lat,,,,40-14,,,,
040,300,n,,,,,,viijº,ỽııͦȷ,,,,,lat,,,,40-14,,,,
040,301,p,,,,,,.,.,,,,,lat,,,,40-14,,,,
040,302,w,,,,,,Tercio,Tercıo,,,,,lat,,,,40-14,,,,
040,303,w,,,,,,nonas,nonas,,,,,lat,,,,40-14,,,,
040,304,w,,,,,,nouembris,ouembꝛıs,,,,,lat,,,,40-14,,,,
040,305,p,,,,,,.,.,,,,,lat,,,,40-14,,,,
040,306,d,e,3,,,,,,,,,,,,,,,,,,
040,307,:e:,,,,,,,,,,,,,,,,,,,,
041,1,:s:,,,,,,,,,,,,,,,,,,,,
041,2,pm,1r,,,,,,,,,,,,,,,,,,,
041,3,lm,41-01,,,,,,,,,,,,,,,,,,,
041,4,d,b,1,,protocol,,,,,,,,,,,,,,,,
041,5,w,,,,,,Om(n)ib(us),Om̅ıbꝫ,,,,,lat,,,,41-01,,,,
041,6,w,,,,,,p(re)sens,p͛ſenſ,,,,,lat,,,,41-01,,,,
041,7,w,,,,,,scriptum,ſcrıptu,,,,,lat,,,,41-01,,,,
041,8,w,,,,,,c(er)nentib(us),c͛nentıbꝫ,,,,,lat,,,,41-01,,,,
041,9,PE,b,PedSkj001,,,,,,,,,,,,,,,147,,,
041,10,w,,,,,,P(etrus),.P.,,,,,lat,,,,41-01,147,,,
041,11,PE,e,PedSkj001,,,,,,,,,,,,,,,147,,,
041,12,w,,,,,,mis(er)ac(i)one,mıſ͛ac̅one,,,,,lat,,,,41-01,,,,
041,13,w,,,,,,diuina,ꝺıuına,,,,,lat,,,,41-01,,,,
041,14,PL,b,149195,,,,,,,,,,,,,,,,,120,
041,15,w,,,,,,Roskilden(nsis),Roſkılꝺe̅,,,,,lat,,,,41-01,,,120,
041,16,PL,e,149195,,,,,,,,,,,,,,,,,120,
041,17,w,,,,,,Ep(iscopus),p̅c,,,,,lat,,,,41-01,,,,
041,18,p,,,,,,.,.,,,,,lat,,,,41-01,,,,
041,19,w,,,,,,Sal(u)t(em),Sal̅t,,,,,lat,,,,41-01,,,,
041,20,w,,,,,,Jn,Jn,,,,,lat,,,,41-01,,,,
041,21,w,,,,,,d(omi)no,ꝺn̅o,,,,,lat,,,,41-01,,,,
041,22,p,,,,,,.,.,,,,,lat,,,,41-01,,,,
041,23,d,e,1,,,,,,,,,,,,,,,,,,
041,24,d,b,2,,context,,,,,,,,,,,,,,,,
041,25,w,,,,,,Cum,Cu,,,,,lat,,,,41-01,,,,
041,26,w,,,,,,ea,ea,,,,,lat,,,,41-01,,,,
041,27,w,,,,,,que,que,,,,,lat,,,,41-01,,,,
041,28,w,,,,,,in,í,,,,,lat,,,,41-01,,,,
041,29,w,,,,,,temp(or)e,temꝑe,,,,,lat,,,,41-01,,,,
041,30,w,,,,,,gerunt(ur),gerunt᷑,,,,,lat,,,,41-01,,,,
041,31,lm,41-02,,,,,,,,,,,,,,,,,,,
041,32,w,,,,,,a,a,,,,,lat,,,,41-02,,,,
041,33,w,,,,,,memoria,memoꝛıa,,,,,lat,,,,41-02,,,,
041,34,w,,,,,,ho(m)i(n)um,ho̅ıum,,,,,lat,,,,41-02,,,,
041,35,w,,,,,,deflu(er)e,ꝺeflu͛e,,,,,lat,,,,41-02,,,,
041,36,w,,,,,,solent,ſolent,,,,,lat,,,,41-02,,,,
041,37,w,,,,,,ex,ex,,,,,lat,,,,41-02,,,,
041,38,w,,,,,,facili,facılí,,,,,lat,,,,41-02,,,,
041,39,p,,,,,,.,.,,,,,lat,,,,41-02,,,,
041,40,w,,,,,,sc(ri)pt(ur)e,cpt᷑e,,,,,lat,,,,41-02,,,,
041,41,w,,,,,,b(e)n(e)ficio,bn̅fıcıo,,,,,lat,,,,41-02,,,,
041,42,w,,,,,,sunt,ſunt,,,,,lat,,,,41-02,,,,
041,43,w,,,,,,co(m)mendanda,co̅menꝺanꝺa,,,,,lat,,,,41-02,,,,
041,44,p,,,,,,.,.,,,,,lat,,,,41-02,,,,
041,45,w,,,,,,ut,ut,,,,,lat,,,,41-02,,,,
041,46,w,,,,,,litiu(m),lıtıu̅,,,,,lat,,,,41-02,,,,
041,47,w,,,,,,mat(er)ia,mat͛ıa,,,,,lat,,,,41-02,,,,
041,48,w,,,,,,(et),,,,,,lat,,,,41-02,,,,
041,49,w,,,,,,occasio,occaſıo,,,,,lat,,,,41-02,,,,
041,50,w,,,,,,penit(us),penıtꝰ,,,,,lat,,,,41-02,,,,
041,51,w,,,,,,excludat(ur),excluꝺat᷑,,,,,lat,,,,41-02,,,,
041,52,p,,,,,,.,.,,,,,lat,,,,41-02,,,,
041,53,w,,,,,,Ea¦p(ro)pt(er),a¦t͛,,,,,lat,,,,41-02—41-03,,,,
041,54,w,,,,,,constare,conﬅare,,,,,lat,,,,41-03,,,,
041,55,w,,,,,,uolum(us),uoluꝰ,,,,,lat,,,,41-03,,,,
041,56,w,,,,,,sing(u)lis,ſıngl̅ıſ,,,,,lat,,,,41-03,,,,
041,57,w,,,,,,(et),,,,,,lat,,,,41-03,,,,
041,58,w,,,,,,vniu(er)sis,ỽnıu͛ſıſ,,,,,lat,,,,41-03,,,,
041,59,w,,,,,,p(re)sentib(us),p͛ſentıbꝫ,,,,,lat,,,,41-03,,,,
041,60,w,,,,,,(et),,,,,,lat,,,,41-03,,,,
041,61,w,,,,,,fut(ur)is,fut᷑ıſ,,,,,lat,,,,41-03,,,,
041,62,p,,,,,,.,.,,,,,lat,,,,41-03,,,,
041,63,w,,,,,,q(uo)d,q,,,,,lat,,,,41-03,,,,
041,64,w,,,,,,d(omi)n(u)s,ꝺn̅ſ,,,,,lat,,,,41-03,,,,
041,65,PE,b,PedØde001,,,,,,,,,,,,,,,148,,,
041,66,w,,,,,,Petr(us),Petrꝰ,,,,,lat,,,,41-03,148,,,
041,67,w,,,,,,øthen,øthe,,,,,dan,,,,41-03,148,,,
041,68,w,,,,,,sun,ſu,,,,,dan,,,,41-03,148,,,
041,69,PE,e,PedØde001,,,,,,,,,,,,,,,148,,,
041,70,w,,,,,,canonic(us),canonıcꝰ,,,,,lat,,,,41-03,,,,
041,71,w,,,,,,eccl(es)ie,eccl̅ıe,,,,,lat,,,,41-03,,,,
041,72,w,,,,,,n(ost)re,nr̅e,,,,,lat,,,,41-03,,,,
041,73,w,,,,,,in,í,,,,,lat,,,,41-03,,,,
041,74,w,,,,,,p(re)sentia,p͛ſentıa,,,,,lat,,,,41-03,,,,
041,75,w,,,,,,n(ost)ra,nr̅a,,,,,lat,,,,41-03,,,,
041,76,w,,,,,,co(n)sti¦tut(us),co̅ﬅí¦tutꝰ,,,,,lat,,,,41-03—41-04,,,,
041,77,p,,,,,,.,.,,,,,lat,,,,41-04,,,,
041,78,w,,,,,,ob,ob,,,,,lat,,,,41-04,,,,
041,79,w,,,,,,anime,anıme,,,,,lat,,,,41-04,,,,
041,80,w,,,,,,sue,ſue,,,,,lat,,,,41-04,,,,
041,81,w,,,,,,remediu(m),remeꝺıu̅,,,,,lat,,,,41-04,,,,
041,82,p,,,,,,.,.,,,,,lat,,,,41-04,,,,
041,83,w,,,,,,mansum,manſu,,,,,lat,,,,41-04,,,,
041,84,w,,,,,,t(er)re,t͛re,,,,,lat,,,,41-04,,,,
041,85,w,,,,,,integrum,íntegru,,,,,lat,,,,41-04,,,,
041,86,w,,,,,,in,í,,,,,lat,,,,41-04,,,,
041,87,PL,b,127593,,,,,,,,,,,,,,,,,121,
041,88,w,,,,,,fløngi,fløngı,,,,,dan,,,,41-04,,,121,
041,89,PL,e,127593,,,,,,,,,,,,,,,,,121,
041,90,w,,,,,,cu(m),cu̅,,,,,lat,,,,41-04,,,,
041,91,w,,,,,,duob(us),ꝺuobꝫ,,,,,lat,,,,41-04,,,,
041,92,w,,,,,,fæligh,fælıgh,,,,,dan,,,,41-04,,,,
041,93,p,,,,,,.,.,,,,,lat,,,,41-04,,,,
041,94,w,,,,,,(et),,,,,,lat,,,,41-04,,,,
041,95,w,,,,,,cu(m),cu̅,,,,,lat,,,,41-04,,,,
041,96,w,,,,,,om(n)ib(us),om̅ıbꝫ,,,,,lat,,,,41-04,,,,
041,97,w,,,,,,suis,ſuıſ,,,,,lat,,,,41-04,,,,
041,98,w,,,,,,p(er)tinentiis,ꝑtınentííſ,,,,,lat,,,,41-04,,,,
041,99,p,,,,,,.,.,,,,,lat,,,,41-04,,,,
041,100,w,,,,,,cu(m),cu̅,,,,,lat,,,,41-04,,,,
041,101,w,,,,,,q(uo)dam,qͦꝺa,,,,,lat,,,,41-04,,,,
041,102,w,,,,,,molen¦dino,mole¦ꝺıno,,,,,lat,,,,41-04—41-05,,,,
041,103,w,,,,,,uentuali,uentualı,,,,,lat,,,,41-05,,,,
041,104,w,,,,,,ibidem,ıbıꝺe,,,,,lat,,,,41-05,,,,
041,105,p,,,,,,.,.,,,,,lat,,,,41-05,,,,
041,106,w,,,,,,nob(is),nob̅,,,,,lat,,,,41-05,,,,
041,107,w,,,,,,no(m)i(n)e,no̅ıe,,,,,lat,,,,41-05,,,,
041,108,w,,,,,,fabrice,fabrıce,,,,,lat,,,,41-05,,,,
041,109,w,,,,,,eccl(es)ie,eccl̅ıe,,,,,lat,,,,41-05,,,,
041,110,w,,,,,,b(eat)i,b̅ı,,,,,lat,,,,41-05,,,,
041,111,PE,b,,,,,,,,,,,,,,,,149,,,
041,112,w,,,,,,lucii,lucíí,,,,,lat,,,,41-05,149,,,
041,113,PE,e,,,,,,,,,,,,,,,,149,,,
041,114,PL,b,149195,,,,,,,,,,,,,,,,,122,
041,115,w,,,,,,Rosk(ildis),Roſꝃ,,,,,lat,,,,41-05,,,122,
041,116,PL,e,149195,,,,,,,,,,,,,,,,,122,
041,117,w,,,,,,scotauit,ſcotauıt,,,,,lat,,,,41-05,,,,
041,118,w,,,,,,jure,ȷure,,,,,lat,,,,41-05,,,,
041,119,w,,,,,,p(er)petuo,ꝑpetuo,,,,,lat,,,,41-05,,,,
041,120,w,,,,,,possidendu(m),poſſıꝺenꝺu̅,,,,,lat,,,,41-05,,,,
041,121,w,,,,,,(et),,,,,,lat,,,,41-05,,,,
041,122,w,,,,,,scotando,ſcotanꝺo,,,,,lat,,,,41-05,,,,
041,123,w,,,,,,misit,mıſıt,,,,,lat,,,,41-05,,,,
041,124,w,,,,,,in,í,,,,,lat,,,,41-05,,,,
041,125,w,,,,,,corp(or)alem,coꝛꝑale,,,,,lat,,,,41-05,,,,
041,126,lm,41-06,,,,,,,,,,,,,,,,,,,
041,127,w,,,,,,possessionem,poſſeſſıone,,,,,lat,,,,41-06,,,,
041,128,p,,,,,,.,.,,,,,lat,,,,41-06,,,,
041,129,w,,,,,,cui,cuí,,,,,lat,,,,41-06,,,,
041,130,w,,,,,,eadem,eaꝺe,,,,,lat,,,,41-06,,,,
041,131,w,,,,,,bona,bona,,,,,lat,,,,41-06,,,,
041,132,w,,,,,,ad,aꝺ,,,,,lat,,,,41-06,,,,
041,133,w,,,,,,dies,ꝺıeſ,,,,,lat,,,,41-06,,,,
041,134,w,,,,,,suos,ſuoſ,,,,,lat,,,,41-06,,,,
041,135,w,,,,,,tanq(uam),tanꝙᷓ,,,,,lat,,,,41-06,,,,
041,136,w,,,,,,p(ro)curatori,ꝓcuratoꝛí,,,,,lat,,,,41-06,,,,
041,137,w,,,,,,co(m)misimus,co̅mıſımuſ,,,,,lat,,,,41-06,,,,
041,138,w,,,,,,custodienda,cuﬅoꝺıenꝺa,,,,,lat,,,,41-06,,,,
041,139,p,,,,,,.,.,,,,,lat,,,,41-06,,,,
041,140,w,,,,,,p(os)t,pꝰt,,,,,lat,,,,41-06,,,,
041,141,w,,,,,,morte(m),moꝛte̅,,,,,lat,,,,41-06,,,,
041,142,w,,,,,,nichilomin(us),nıchılomínꝰ,,,,,lat,,,,41-06,,,,
041,143,w,,,,,,suam,ſua,,,,,lat,,,,41-06,,,,
041,144,w,,,,,,in,í,,,,,lat,,,,41-06,,,,
041,145,w,,,,,,vsum,ỽſu,,,,,lat,,,,41-06,,,,
041,146,w,,,,,,p(re)d(i)c(t)e,p͛ꝺc̅e,,,,,lat,,,,41-06,,,,
041,147,w,,,,,,fabri¦ce,fabrí¦ce,,,,,lat,,,,41-06—41-07,,,,
041,148,w,,,,,,in,í,,,,,lat,,,,41-07,,,,
041,149,w,,,,,,p(er)petuu(m),ꝑpetuu̅,,,,,lat,,,,41-07,,,,
041,150,w,,,,,,remanenda,remanenꝺa,,,,,lat,,,,41-07,,,,
041,151,p,,,,,,.,.,,,,,lat,,,,41-07,,,,
041,152,w,,,,,,ita,ıta,,,,,lat,,,,41-07,,,,
041,153,w,,,,,,ut,ut,,,,,lat,,,,41-07,,,,
041,154,w,,,,,,fabrice,fabrıce,,,,,lat,,,,41-07,,,,
041,155,w,,,,,,ip(s)ius,ıp̅ıuſ,,,,,lat,,,,41-07,,,,
041,156,w,,,,,,eccl(es)ie,eccl̅ıe,,,,,lat,,,,41-07,,,,
041,157,w,,,,,,de,ꝺe,,,,,lat,,,,41-07,,,,
041,158,w,,,,,,p(re)d(i)c(t)is,p͛ꝺc̅ıſ,,,,,lat,,,,41-07,,,,
041,159,w,,,,,,bonis,bonıſ,,,,,lat,,,,41-07,,,,
041,160,w,,,,,,uiginti,uígíntí,,,,,lat,,,,41-07,,,,
041,161,w,,,,,,m(ar)rchas,rchaſ,,,,,lat,,,,41-07,,,,
041,162,w,,,,,,denarior(um),ꝺenarıoꝝ,,,,,lat,,,,41-07,,,,
041,163,w,,,,,,soluat,ſoluat,,,,,lat,,,,41-07,,,,
041,164,w,,,,,,annuatim,annuatí,,,,,lat,,,,41-07,,,,
041,165,p,,,,,,.,.,,,,,lat,,,,41-07,,,,
041,166,w,,,,,,(et),,,,,,lat,,,,41-07,,,,
041,167,w,,,,,,ut,ut,,,,,lat,,,,41-07,,,,
041,168,w,,,,,,ipsa,ıpſa,,,,,lat,,,,41-07,,,,
041,169,lm,41-08,,,,,,,,,,,,,,,,,,,
041,170,w,,,,,,fabrica,fabrıca,,,,,lat,,,,41-08,,,,
041,171,w,,,,,,seu,ſeu,,,,,lat,,,,41-08,,,,
041,172,w,,,,,,p(ro)curator,ꝓcuratoꝛ,,,,,lat,,,,41-08,,,,
041,173,w,,,,,,eiusdem,eıuſꝺe,,,,,lat,,,,41-08,,,,
041,174,w,,,,,,ip(s)i,ıp̅ı,,,,,lat,,,,41-08,,,,
041,175,w,,,,,,d(omi)no,ꝺn̅o,,,,,lat,,,,41-08,,,,
041,176,p,,,,,,.,.,,,,,lat,,,,41-08,,,,
041,177,PE,b,PedØde001,,,,,,,,,,,,,,,150,,,
041,178,w,,,,,,Petro,Petro,,,,,lat,,,,41-08,150,,,
041,179,PE,e,PedØde001,,,,,,,,,,,,,,,150,,,
041,180,p,,,,,,.,.,,,,,lat,,,,41-08,,,,
041,181,w,,,,,,anniu(er)sarium,annıu͛ſarıu,,,,,lat,,,,41-08,,,,
041,182,w,,,,,,teneat(ur),teneat᷑,,,,,lat,,,,41-08,,,,
041,183,w,,,,,,p(er)petual(ite)r,ꝑpetual̅r,,,,,lat,,,,41-08,,,,
041,184,w,,,,,,fac(er)e,fac͛e,,,,,lat,,,,41-08,,,,
041,185,p,,,,,,.,.,,,,,lat,,,,41-08,,,,
041,186,w,,,,,,(et),,,,,,lat,,,,41-08,,,,
041,187,w,,,,,,in,í,,,,,lat,,,,41-08,,,,
041,188,w,,,,,,q(uo)lib(et),qͦlıbꝫ,,,,,lat,,,,41-08,,,,
041,189,w,,,,,,anniu(er)sario,annıu͛ſarıo,,,,,lat,,,,41-08,,,,
041,190,w,,,,,,de,ꝺe,,,,,lat,,,,41-08,,,,
041,191,w,,,,,,redditib(us),reꝺꝺıtıbꝫ,,,,,lat,,,,41-08,,,,
041,192,w,,,,,,d(i)c(t)or(um),ꝺc̅oꝝ,,,,,lat,,,,41-08,,,,
041,193,lm,41-09,,,,,,,,,,,,,,,,,,,
041,194,w,,,,,,bonor(um),bonoꝝ,,,,,lat,,,,41-09,,,,
041,195,w,,,,,,marcha,marcha,,,,,lat,,,,41-09,,,,
041,196,w,,,,,,paup(er)ib(us),pauꝑıbꝫ,,,,,lat,,,,41-09,,,,
041,197,w,,,,,,(et),,,,,,lat,,,,41-09,,,,
041,198,w,,,,,,marcha,marcha,,,,,lat,,,,41-09,,,,
041,199,w,,,,,,fr(atr)ib(us),fr͛ıbꝫ,,,,,lat,,,,41-09,,,,
041,200,w,,,,,,qui,quí,,,,,lat,,,,41-09,,,,
041,201,w,,,,,,ip(s)ius,ıp̅ıuſ,,,,,lat,,,,41-09,,,,
041,202,w,,,,,,!co(m)mennorac(i)oni¡,!co̅mennoꝛac̅oní¡,,,,,lat,,,,41-09,,,,
041,203,w,,,,,,int(er)fu(er)int,ínt͛fu͛ínt,,,,,lat,,,,41-09,,,,
041,204,w,,,,,,tribuat(ur),trıbuat᷑,,,,,lat,,,,41-09,,,,
041,205,p,,,,,,.,.,,,,,lat,,,,41-09,,,,
041,206,d,e,2,,,,,,,,,,,,,,,,,,
041,207,d,b,3,,eschatocol,,,,,,,,,,,,,,,,
041,208,w,,,,,,Jn,Jn,,,,,lat,,,,41-09,,,,
041,209,w,,,,,,cuius,cuıuſ,,,,,lat,,,,41-09,,,,
041,210,w,,,,,,rei,reı,,,,,lat,,,,41-09,,,,
041,211,w,,,,,,testimoniu(m),teﬅımonıu̅,,,,,lat,,,,41-09,,,,
041,212,w,,,,,,p(re)sentes,p͛ſenteſ,,,,,lat,,,,41-09,,,,
041,213,w,,,,,,lit¦teras,lıt¦teraſ,,,,,lat,,,,41-09—41-10,,,,
041,214,w,,,,,,sigilli,ſıgıllí,,,,,lat,,,,41-10,,,,
041,215,w,,,,,,n(ost)ri,nr̅ı,,,,,lat,,,,41-10,,,,
041,216,w,,,,,,appensione,aenſıone,,,,,lat,,,,41-10,,,,
041,217,w,,,,,,duximus,ꝺuxımuſ,,,,,lat,,,,41-10,,,,
041,218,w,,,,,,roborandas,roboꝛanꝺaſ,,,,,lat,,,,41-10,,,,
041,219,p,,,,,,.,.,,,,,lat,,,,41-10,,,,
041,220,w,,,,,,p(re)sentib(us),p͛ſentıbꝫ,,,,,lat,,,,41-10,,,,
041,221,w,,,,,,d(omi)nis,ꝺn̅íſ,,,,,lat,,,,41-10,,,,
041,222,PE,b,JenErl001,,,,,,,,,,,,,,,151,,,
041,223,w,,,,,,Joh(ann)e,Joh̅e,,,,,lat,,,,41-10,151,,,
041,224,w,,,,,,ærland,ærlanꝺ,,,,,dan,,,,41-10,151,,,
041,225,w,,,,,,sun,ſu,,,,,dan,,,,41-10,151,,,
041,226,PE,e,JenErl001,,,,,,,,,,,,,,,151,,,
041,227,p,,,,,,.,.,,,,,lat,,,,41-10,,,,
041,228,PE,b,NieWin001,,,,,,,,,,,,,,,152,,,
041,229,w,,,,,,nicholao,nıcholao,,,,,lat,,,,41-10,152,,,
041,230,w,,,,,,d(i)c(t)o,ꝺc̅o,,,,,lat,,,,41-10,152,,,
041,231,w,,,,,,Wind,Wínꝺ,,,,,dan,,,,41-10,152,,,
041,232,PE,e,NieWin001,,,,,,,,,,,,,,,152,,,
041,233,p,,,,,,.,.,,,,,lat,,,,41-10,,,,
041,234,PE,b,ArnCan001,,,,,,,,,,,,,,,153,,,
041,235,w,,,,,,arnwido,arnwıꝺo,,,,,lat,,,,41-10,153,,,
041,236,PE,e,ArnCan001,,,,,,,,,,,,,,,153,,,
041,237,w,,,,,,canonico,canonıco,,,,,lat,,,,41-10,,,,
041,238,PL,b,131422,,,,,,,,,,,,,,,,,123,
041,239,w,,,,,,haf¦nen(si),haf¦ne̅,,,,,lat,,,,41-10—41-11,,,123,
041,240,PL,e,131422,,,,,,,,,,,,,,,,,123,
041,241,w,,,,,,(et),,,,,,lat,,,,41-11,,,,
041,242,w,,,,,,pl(ur)ib(us),pl̅ıbꝫ,,,,,lat,,,,41-11,,,,
041,243,w,,,,,,aliis,alííſ,,,,,lat,,,,41-11,,,,
041,244,w,,,,,,tam,ta,,,,,lat,,,,41-11,,,,
041,245,w,,,,,,cl(er)icis,cl̅ıcıſ,,,,,lat,,,,41-11,,,,
041,246,w,,,,,,q(uam),ꝙᷓ,,,,,lat,,,,41-11,,,,
041,247,w,,,,,,laicis,laıcıſ,,,,,lat,,,,41-11,,,,
041,248,p,,,,,,.,.,,,,,lat,,,,41-11,,,,
041,249,w,,,,,,p(ro)misit,ꝑmıſıt,,,,,lat,,,,41-11,,,,
041,250,w,,,,,,etiam,etıa,,,,,lat,,,,41-11,,,,
041,251,w,,,,,,idem,ıꝺe,,,,,lat,,,,41-11,,,,
041,252,w,,,,,,d(omi)n(u)s,ꝺn̅ſ,,,,,lat,,,,41-11,,,,
041,253,w,,,,,,ut,ut,,,,,lat,,,,41-11,,,,
041,254,w,,,,,,si,ſı,,,,,lat,,,,41-11,,,,
041,255,w,,,,,,facultas,facultaſ,,,,,lat,,,,41-11,,,,
041,256,w,,,,,,sua,ſua,,,,,lat,,,,41-11,,,,
041,257,w,,,,,,d(omin)o,ꝺo̅,,,,,lat,,,,41-11,,,,
041,258,w,,,,,,p(ro)sp(er)ante,ꝓſꝑante,,,,,lat,,,,41-11,,,,
041,259,w,,,,,,augmentata,augmentata,,,,,lat,,,,41-11,,,,
041,260,w,,,,,,fu(er)it,fu͛ıt,,,,,lat,,,,41-11,,,,
041,261,p,,,,,,.,.,,,,,lat,,,,41-11,,,,
041,262,w,,,,,,intendit,íntenꝺıt,,,,,lat,,,,41-11,,,,
041,263,lm,41-12,,,,,,,,,,,,,,,,,,,
041,264,w,,,,,,ip(s)is,ıp̅ıſ,,,,,lat,,,,41-12,,,,
041,265,w,,,,,,bonis,bonıſ,,,,,lat,,,,41-12,,,,
041,266,w,,,,,,bona,bona,,,,,lat,,,,41-12,,,,
041,267,w,,,,,,add(er)e,aꝺꝺ͛e,,,,,lat,,,,41-12,,,,
041,268,w,,,,,,in,í,,,,,lat,,,,41-12,,,,
041,269,w,,,,,,cultu(m),cultu̅,,,,,lat,,,,41-12,,,,
041,270,w,,,,,,diuini,ꝺíuíní,,,,,lat,,,,41-12,,,,
041,271,w,,,,,,op(er)is,oꝑıſ,,,,,lat,,,,41-12,,,,
041,272,w,,,,,,ampliorem,amplıoꝛe,,,,,lat,,,,41-12,,,,
041,273,p,,,,,,.,.,,,,,lat,,,,41-12,,,,
041,274,w,,,,,,Actum,Au,,,,,lat,,,,41-12,,,,
041,275,PL,b,149195,,,,,,,,,,,,,,,,,124,
041,276,w,,,,,,Rosk(ildis),Roſꝃ,,,,,lat,,,=,41-12,,,124,
041,277,PL,e,149195,,,,,,,,,,,,,,,,,124,
041,278,w,,,,,,anno,anno,,,,,lat,,,==,41-12,,,,
041,279,w,,,,,,d(omi)ni,ꝺn̅ı,,,,,lat,,,,41-12,,,,
041,280,n,,,,,,Mº,ͦ,,,,,lat,,,,41-12,,,,
041,281,n,,,,,,ccº,ccͦ,,,,,lat,,,,41-12,,,,
041,282,n,,,,,,Lº,Lͦ,,,,,lat,,,,41-12,,,,
041,283,n,,,,,,ixº,ıxͦ,,,,,lat,,,,41-12,,,,
041,284,p,,,,,,.,.,,,,,lat,,,,41-12,,,,
041,285,w,,,,,,jdus,ȷꝺuſ,,,,,lat,,,,41-12,,,,
041,286,w,,,,,,marcii,marcíí,,,,,lat,,,,41-12,,,,
041,287,w,,,,,,sexto,sexto,,,,,lat,,,,41-12,,,,
041,288,p,,,,,,.,.,,,,,lat,,,,41-12,,,,
041,289,d,e,3,,,,,,,,,,,,,,,,,,
041,290,:e:,,,,,,,,,,,,,,,,,,,,
042,1,:s:,,,,,,,,,,,,,,,,,,,,
042,2,pm,1r,,,,,,,,,,,,,,,,,,,
042,3,lm,42-01,,,,,,,,,,,,,,,,,,,
042,4,d,b,1,,protocol,,,,,,,,,,,,,,,,
042,5,w,,,,,,Om(n)ib(us),Om̅ıbꝫ,,,,,lat,,,,42-01,,,,
042,6,w,,,,,,presentes,preſenteſ,,,,,lat,,,,42-01,,,,
042,7,w,,,,,,Litt(er)as,Lıtt͛as,,,,,lat,,,,42-01,,,,
042,8,w,,,,,,inspecturis,ínſpeurıs,,,,,lat,,,,42-01,,,,
042,9,p,,,,,,/,/,,,,,lat,,,,42-01,,,,
042,10,PE,b,JakErl001,,,,,,,,,,,,,,,154,,,
042,11,w,,,,,,Jacobus,Jacobus,,,,,lat,,,,42-01,154,,,
042,12,PE,e,JakErl001,,,,,,,,,,,,,,,154,,,
042,13,w,,,,,,d(e)j,ꝺȷ̅,,,,,lat,,,,42-01,,,,
042,14,w,,,,,,gr(atia)a,gr̅,,,,,lat,,,,42-01,,,,
042,15,PL,b,,,,,,,,,,,,,,,,,,125,
042,16,w,,,,,,Lundensis,Lunꝺenſıs,,,,,lat,,,,42-01,,,125,
042,17,PL,e,,,,,,,,,,,,,,,,,,125,
042,18,w,,,,,,Archiep(iscopus),rchıep̅c,,,,,lat,,,,42-01,,,,
042,19,p,,,,,,/,/,,,,,lat,,,,42-01,,,,
042,20,w,,,,,,suet(ie),uet̅,,,,,lat,,,,42-01,,,,
042,21,w,,,,,,P(ri)mas,Pmas,,,,,lat,,,,42-01,,,,
042,22,p,,,,,,/,/,,,,,lat,,,,42-01,,,,
042,23,w,,,,,,sal(u)t(e)m,ſalt̅,,,,,lat,,,,42-01,,,,
042,24,w,,,,,,in,ín,,,,,lat,,,,42-01,,,,
042,25,w,,,,,,d(omi)no,ꝺn̅o,,,,,lat,,,,42-01,,,,
042,26,p,,,,,,,,,,,,lat,,,,42-01,,,,
042,27,d,e,1,,,,,,,,,,,,,,,,,,
042,28,d,b,2,,context,,,,,,,,,,,,,,,,
042,29,w,,,,,,notum,otu,,,,,lat,,,,42-01,,,,
042,30,w,,,,,,uobis,uobıs,,,,,lat,,,,42-01,,,,
042,31,w,,,,,,facimus,facımus,,,,,lat,,,,42-01,,,,
042,32,w,,,,,,nos,nos,,,,,lat,,,,42-01,,,,
042,33,w,,,,,,tenorem,tenoꝛe,,,,,lat,,,,42-01,,,,
042,34,lm,42-02,,,,,,,,,,,,,,,,,,,
042,35,w,,,,,,originalis,orígınalıs,,,,,lat,,,,42-02,,,,
042,36,w,,,,,,instrum(en)tj,ınﬅrum̅t,,,,,lat,,,,42-02,,,,
042,37,w,,,,,,donat(i)onis,ꝺonat̅onıs,,,,,lat,,,,42-02,,,,
042,38,w,,,,,,infra,ínfra,,,,,lat,,,,42-02,,,,
042,39,w,,,,,,scripte,ſcrıpte,,,,,lat,,,,42-02,,,,
042,40,p,,,,,,/,/,,,,,lat,,,,42-02,,,,
042,41,w,,,,,,pia,pıa,,,,,lat,,,,42-02,,,,
042,42,w,,,,,,libertate,lıbertate,,,,,lat,,,,42-02,,,,
042,43,w,,,,,,A,,,,,,lat,,,,42-02,,,,
042,44,w,,,,,,bone,bone,,,,,lat,,,,42-02,,,,
042,45,w,,,,,,memorie,memoꝛıe,,,,,lat,,,,42-02,,,,
042,46,w,,,,,,d(omi)na,ꝺn̅a,,,,,lat,,,,42-02,,,,
042,47,PE,b,IngReg001,,,,,,,,,,,,,,,155,,,
042,48,w,,,,,,Jngærth,Jngærth,,,,,lat,,,,42-02,155,,,
042,49,PE,e,IngReg001,,,,,,,,,,,,,,,155,,,
042,50,w,,,,,,dil(e)c(t)a,ꝺılc̅a,,,,,lat,,,,42-02,,,,
042,51,w,,,,,,consanguinea,conſanguıne,,,,,lat,,,,42-02,,,,
042,52,w,,,,,,n(ost)ra,nr̅a,,,,,lat,,,,42-02,,,,
042,53,p,,,,,,/,/,,,,,lat,,,,42-02,,,,
042,54,w,,,,,,quondam,quonꝺa,,,,,lat,,,,42-02,,,,
042,55,w,,,,,,comitissa,comıtıſſa,,,,,lat,,,,42-02,,,,
042,56,w,,,,,,de,ꝺe,,,,,lat,,,,42-02,,,,
042,57,PL,b,,,,,,,,,,,,,,,,,,126,
042,58,w,,,,,,Regynsten,Regẏnﬅe,,,,,lat,,,,42-02,,,126,
042,59,PL,e,,,,,,,,,,,,,,,,,,126,
042,60,lm,42-03,,,,,,,,,,,,,,,,,,,
042,61,w,,,,,,claustro,clauﬅro,,,,,lat,,,,42-03,,,,
042,62,w,,,,,,soror(um),ſoroꝝ,,,,,lat,,,,42-03,,,,
042,63,w,,,,,,ordinis,oꝛꝺínís,,,,,lat,,,,42-03,,,,
042,64,w,,,,,,sanctj,ſan,,,,,lat,,,,42-03,,,,
042,65,PE,b,,,,,,,,,,,,,,,,156,,,
042,66,w,,,,,,Damianj,Damıan,,,,,lat,,,,42-03,156,,,
042,67,PE,e,,,,,,,,,,,,,,,,156,,,
042,68,p,,,,,,/,/,,,,,lat,,,,42-03,,,,
042,69,PL,b,149380,,,,,,,,,,,,,,,,,127,
042,70,w,,,,,,Roskildis,Roskılꝺıs,,,,,lat,,,,42-03,,,127,
042,71,PL,e,149380,,,,,,,,,,,,,,,,,127,
042,72,w,,,,,,Reclusar(um),Recluſaꝝ,,,,,lat,,,,42-03,,,,
042,73,w,,,,,,assignate,aſſıgnate,,,,,lat,,,,42-03,,,,
042,74,p,,,,,,/,/,,,,,lat,,,,42-03,,,,
042,75,w,,,,,,cui,cuı,,,,,lat,,,,42-03,,,,
042,76,w,,,,,,nos,nos,,,,,lat,,,,42-03,,,,
042,77,w,,,,,,subsc(ri)psimus,ſubſcpſımus,,,,,lat,,,,42-03,,,,
042,78,p,,,,,,/,/,,,,,lat,,,,42-03,,,,
042,79,w,,,,,,(et),,,,,,lat,,,,42-03,,,,
042,80,w,,,,,,Sigillum,Sıgıllu,,,,,lat,,,,42-03,,,,
042,81,w,,,,,,n(ost)r(u)m,nr͛,,,,,lat,,,,42-03,,,,
042,82,w,,,,,,apponi,aoní,,,,,lat,,,,42-03,,,,
042,83,w,,,,,,fecimus,fecıus,,,,,lat,,,,42-03,,,,
042,84,p,,,,,,/,/,,,,,lat,,,,42-03,,,,
042,85,w,,,,,,p(re)sentib(us),p͛ſentıbꝫ,,,,,lat,,,,42-03,,,,
042,86,w,,,,,,uerbo,uerbo,,,,,lat,,,,42-03,,,,
042,87,w,,,,,,Ad,ꝺ,,,,,lat,,,,42-03,,,,
042,88,w,,,,,,u(er)¦bum,u͛-¦bu,,,,,lat,,,,42-03—42-04,,,,
042,89,w,,,,,,inseruisse,ınſeruıſſe,,,,,lat,,,,42-04,,,,
042,90,p,,,,,,/,/,,,,,lat,,,,42-04,,,,
042,91,w,,,,,,Quj,Qu,,,,,lat,,,,42-04,,,,
042,92,w,,,,,,talis,tlıs,,,,,lat,,,,42-04,,,,
042,93,w,,,,,,est,eﬅ,,,,,lat,,,,42-04,,,,
042,94,p,,,,,,.,.,,,,,lat,,,,42-04,,,,
042,95,PE,b,RexKri001,,,,,,,,,,,,,,,157,,,
042,96,w,,,,,,Cristoforus,Crıﬅofoꝛus,,,,,lat,,,,42-04,157,,,
042,97,PE,e,RexKri001,,,,,,,,,,,,,,,157,,,
042,98,w,,,,,,d(e)i,ꝺı̅,,,,,lat,,,,42-04,,,,
042,99,w,,,,,,gr(ati)a,gr̅,,,,,lat,,,,42-04,,,,
042,100,p,,,,,,/,/,,,,,lat,,,,42-04,,,,
042,101,w,,,,,,danor(um),ꝺanoꝝ,,,,,lat,,,,42-04,,,,
042,102,w,,,,,,Slauor(um)q(ue),SLuoꝝqꝫ,,,,,lat,,,,42-04,,,,
042,103,w,,,,,,Rex,Rex,,,,,lat,,,,42-04,,,,
042,104,p,,,,,,/,/,,,,,lat,,,,42-04,,,,
042,105,w,,,,,,vniu(er)sis,ỽnıu͛ſıs,,,,,lat,,,,42-04,,,,
042,106,w,,,,,,p(re)sentes,p͛ſenteſ,,,,,lat,,,,42-04,,,,
042,107,w,,,,,,Litt(er)as,Lıtt͛as,,,,,lat,,,,42-04,,,,
042,108,w,,,,,,inspecturis,ınſpeurıs,,,,,lat,,,,42-04,,,,
042,109,w,,,,,,sal(u)t(e)m,ſalt̅,,,,,lat,,,,42-04,,,,
042,110,w,,,,,,i(n),ı̅,,,,,lat,,,,42-04,,,,
042,111,w,,,,,,d(omi)no,ꝺn̅o,,,,,lat,,,,42-04,,,,
042,112,p,,,,,,/,/,,,,,lat,,,,42-04,,,,
042,113,w,,,,,,notum,otu,,,,,lat,,,,42-04,,,,
042,114,w,,,,,,uobis,uobís,,,,,lat,,,,42-04,,,,
042,115,lm,42-05,,,,,,,,,,,,,,,,,,,
042,116,w,,,,,,facimus,facímus,,,,,lat,,,,42-05,,,,
042,117,p,,,,,,/,/,,,,,lat,,,,42-05,,,,
042,118,w,,,,,,q(uo)d,qꝺ̅,,,,,lat,,,,42-05,,,,
042,119,w,,,,,,in,ín,,,,,lat,,,,42-05,,,,
042,120,w,,,,,,n(ost)ra,nr͛a,,,,,lat,,,,42-05,,,,
042,121,w,,,,,,p(re)sencia,p͛ſencı,,,,,lat,,,,42-05,,,,
042,122,w,,,,,,constitutj,conﬅıtut,,,,,lat,,,,42-05,,,,
042,123,p,,,,,,/,/,,,,,lat,,,,42-05,,,,
042,124,w,,,,,,d(omi)na,ꝺn̅,,,,,lat,,,,42-05,,,,
042,125,PE,b,IngReg001,,,,,,,,,,,,,,,158,,,
042,126,w,,,,,,Jngærth,Jngærth,,,,,lat,,,,42-05,158,,,
042,127,PE,e,IngReg001,,,,,,,,,,,,,,,158,,,
042,128,p,,,,,,/,/,,,,,lat,,,,42-05,,,,
042,129,w,,,,,,Relicta,Relıa,,,,,lat,,,,42-05,,,,
042,130,w,,,,,,d(omi)nj,ꝺn̅ȷ,,,,,lat,,,,42-05,,,,
042,131,PE,b,KonReg001,,,,,,,,,,,,,,,159,,,
042,132,w,,,,,,Conradj,Conraꝺ,,,,,lat,,,,42-05,159,,,
042,133,PE,e,KonReg001,,,,,,,,,,,,,,,159,,,
042,134,w,,,,,,q(uo)ndam,qͦnꝺa,,,,,lat,,,,42-05,,,,
042,135,w,,,,,,Comitis,Comıtıs,,,,,lat,,,,42-05,,,,
042,136,w,,,,,,de,ꝺe,,,,,lat,,,,42-05,,,,
042,137,PL,b,,,,,,,,,,,,,,,,,,128,
042,138,w,,,,,,Regynstæn,Regẏnﬅæ,,,,,lat,,,,42-05,,,128,
042,139,PL,e,,,,,,,,,,,,,,,,,,128,
042,140,w,,,,,,ex,ex,,,,,lat,,,,42-05,,,,
042,141,w,,,,,,vna,ỽn,,,,,lat,,,,42-05,,,,
042,142,w,,,,,,p(ar)te,ꝑte,,,,,lat,,,,42-05,,,,
042,143,p,,,,,,/,/,,,,,lat,,,,42-05,,,,
042,144,w,,,,,,(et),,,,,,lat,,,,42-05,,,,
042,145,PE,b,JohLil001,,,,,,,,,,,,,,,160,,,
042,146,w,,,,,,Joh(anne)s,Joh̅s,,,,,lat,,,,42-05,160,,,
042,147,w,,,,,,filius,fılıus,,,,,lat,,,,42-05,160,,,
042,148,w,,,,,,Joh(ann)is,Joh̅ıs,,,,,lat,,,,42-05,160,,,
042,149,PE,e,JohLil001,,,,,,,,,,,,,,,160,,,
042,150,w,,,,,,fr(atr)u¦elis,fr̅u-¦elıs,,,,,lat,,,,42-05—42-06,,,,
042,151,w,,,,,,d(i)c(t)e,ꝺc̅e,,,,,lat,,,,42-06,,,,
042,152,w,,,,,,d(omi)ne,ꝺn̅e,,,,,lat,,,,42-06,,,,
042,153,p,,,,,,/,/,,,,,lat,,,,42-06,,,,
042,154,w,,,,,,(et),,,,,,lat,,,,42-06,,,,
042,155,w,,,,,,d(omi)n(u)s,ꝺn̅s,,,,,lat,,,,42-06,,,,
042,156,PE,b,AndOlu001,,,,,,,,,,,,,,,161,,,
042,157,w,,,,,,Andreas,nꝺreas,,,,,lat,,,,42-06,161,,,
042,158,w,,,,,,filius,fılıus,,,,,lat,,,,42-06,161,,,
042,159,w,,,,,,pinc(er)ne,pínc͛ne,,,,,lat,,,,42-06,161,,,
042,160,PE,e,AndOlu001,,,,,,,,,,,,,,,161,,,
042,161,w,,,,,,maritus,arıtus,,,,,lat,,,,42-06,,,,
042,162,w,,,,,,d(omi)ne,ꝺn̅e,,,,,lat,,,,42-06,,,,
042,163,PE,b,CecJen001,,,,,,,,,,,,,,,162,,,
042,164,w,,,,,,Cecilie,Cecılıe,,,,,lat,,,,42-06,162,,,
042,165,PE,e,CecJen001,,,,,,,,,,,,,,,162,,,
042,166,w,,,,,,sororis,ſoꝛoꝛıſ,,,,,lat,,,,42-06,,,,
042,167,w,,,,,,d(i)c(t)j,ꝺc̅ȷ,,,,,lat,,,,42-06,,,,
042,168,PE,b,JohLil001,,,,,,,,,,,,,,,163,,,
042,169,w,,,,,,Joh(ann)is,Joh̅ıs,,,,,lat,,,,42-06,163,,,
042,170,PE,e,JohLil001,,,,,,,,,,,,,,,163,,,
042,171,w,,,,,,ex,ex,,,,,lat,,,,42-06,,,,
042,172,w,,,,,,alt(er)a,alt͛a,,,,,lat,,,,42-06,,,,
042,173,p,,,,,,/,/,,,,,lat,,,,42-06,,,,
042,174,w,,,,,,talit(er),talıt͛,,,,,lat,,,,42-06,,,,
042,175,w,,,,,,int(er),ínt͛,,,,,lat,,,,42-06,,,,
042,176,w,,,,,,se,ſe,,,,,lat,,,,42-06,,,,
042,177,w,,,,,,conuen(er)unt,conuen͛unt,,,,,lat,,,,42-06,,,,
042,178,p,,,,,,/,/,,,,,lat,,,,42-06,,,,
042,179,w,,,,,,silicet,ſılıcet,,,,,lat,,,,42-06,,,,
042,180,w,,,,,,q(uo)d,qꝺ̅,,,,,lat,,,,42-06,,,,
042,181,w,,,,,,d(i)c(t)a,ꝺc̅a,,,,,lat,,,,42-06,,,,
042,182,w,,,,,,d(omi)na,ꝺn̅a,,,,,lat,,,,42-06,,,,
042,183,PE,b,IngReg001,,,,,,,,,,,,,,,164,,,
042,184,w,,,,,,Jngærth,Jngærth,,,,,lat,,,,42-06,164,,,
042,185,PE,e,IngReg001,,,,,,,,,,,,,,,164,,,
042,186,w,,,,,,possessiones,poſſeſſıones,,,,,lat,,,,42-06,,,,
042,187,lm,42-07,,,,,,,,,,,,,,,,,,,
042,188,w,,,,,,infra,ınfra,,,,,lat,,,,42-07,,,,
042,189,w,,,,,,scriptas,ſcrıpts,,,,,lat,,,,42-07,,,,
042,190,p,,,,,,/,/,,,,,lat,,,,42-07,,,,
042,191,w,,,,,,silicet,ſılıcet,,,,,lat,,,,42-07,,,,
042,192,PL,b,,,,,,,,,,,,,,,,,,129,
042,193,w,,,,,,hornlef,hoꝛnlef,,,,,dan,,,,42-07,,,129,
042,194,PL,e,,,,,,,,,,,,,,,,,,129,
042,195,p,,,,,,/,/,,,,,lat,,,,42-07,,,,
042,196,w,,,,,,(et),,,,,,lat,,,,42-07,,,,
042,197,w,,,,,,duo,ꝺuo,,,,,lat,,,,42-07,,,,
042,198,w,,,,,,molendina,olenꝺína,,,,,lat,,,,42-07,,,,
042,199,w,,,,,,ibidem,ıbıꝺe,,,,,lat,,,,42-07,,,,
042,200,p,,,,,,/,/,,,,,lat,,,,42-07,,,,
042,201,PL,b,102618,,,,,,,,,,,,,,,,,130,
042,202,w,,,,,,A(m)mæthorp,̅mæthoꝛp,,,,,dan,,,,42-07,,,130,
042,203,PL,e,102618,,,,,,,,,,,,,,,,,130,
042,204,p,,,,,,/,/,,,,,lat,,,,42-07,,,,
042,205,PL,b,102622,,,,,,,,,,,,,,,,,131,
042,206,w,,,,,,Thornby,Thoꝛnbẏ,,,,,dan,,,,42-07,,,131,
042,207,w,,,,,,minus,mínus,,,,,lat,,,,42-07,,,131,
042,208,PL,e,102622,,,,,,,,,,,,,,,,,131,
042,209,p,,,,,,/,/,,,,,lat,,,,42-07,,,,
042,210,w,,,,,,Jn,Jn,,,,,lat,,,,42-07,,,,
042,211,PL,b,,,,,,,,,,,,,,,,,,132,
042,212,w,,,,,,thornby,thoꝛnbẏ,,,,,dan,,,,42-07,,,132,
042,213,w,,,,,,maiorj,maıoꝛ,,,,,lat,,,,42-07,,,132,
042,214,PL,e,,,,,,,,,,,,,,,,,,132,
042,215,w,,,,,,t(er)ram,t͛r,,,,,lat,,,,42-07,,,,
042,216,w,,,,,,septem,ſepte,,,,,lat,,,,42-07,,,,
042,217,w,,,,,,solidor(um),ſolıꝺoꝝ,,,,,lat,,,,42-07,,,,
042,218,w,,,,,,(et),,,,,,lat,,,,42-07,,,,
042,219,w,,,,,,dimidij,ꝺímíꝺıȷ,,,,,lat,,,,42-07,,,,
042,220,w,,,,,,in,ín,,,,,lat,,,,42-07,,,,
042,221,w,,,,,,censu,cenſu,,,,,lat,,,,42-07,,,,
042,222,p,,,,,,/,/,,,,,lat,,,,42-07,,,,
042,223,PL,b,,,,,,,,,,,,,,,,,,133,
042,224,w,,,,,,liudz¦thorp,lıuꝺz-¦thoꝛp,,,,,dan,,,,42-07—42-08,,,133,
042,225,PL,e,,,,,,,,,,,,,,,,,,133,
042,226,p,,,,,,/,/,,,,,lat,,,,42-08,,,,
042,227,PL,b,102620,,,,,,,,,,,,,,,,,134,
042,228,w,,,,,,Lindæ,Lınꝺæ,,,,,lat,,,,42-08,,,134,
042,229,w,,,,,,p(ar)uum,ꝑuu,,,,,dan,,,,42-08,,,134,
042,230,PL,e,102620,,,,,,,,,,,,,,,,,134,
042,231,p,,,,,,/,/,,,,,lat,,,,42-08,,,,
042,232,w,,,,,,Terciam,Tercı,,,,,lat,,,,42-08,,,,
042,233,w,,,,,,p(ar)tem,ꝑte,,,,,lat,,,,42-08,,,,
042,234,w,,,,,,de,ꝺe,,,,,lat,,,,42-08,,,,
042,235,PL,b,103812,,,,,,,,,,,,,,,,,135,
042,236,w,,,,,,Tubaldæ,Tubalꝺæ,,,,,dan,,,,42-08,,,135,
042,237,PL,e,103812,,,,,,,,,,,,,,,,,135,
042,238,w,,,,,,i(n),ı̅,,,,,lat,,,,42-08,,,,
042,239,PL,b,103789,,,,,,,,,,,,,,,,,136,
042,240,w,,,,,,møn,ø,,,,,dan,,,,42-08,,,136,
042,241,PL,e,103789,,,,,,,,,,,,,,,,,136,
042,242,w,,,,,,cu(m),cu̅,,,,,lat,,,,42-08,,,,
042,243,w,,,,,,Om(n)ib(us),Om̅ıbꝫ,,,,,lat,,,,42-08,,,,
042,244,w,,,,,,p(er)tinenciis,ꝑtínencíís,,,,,lat,,,,42-08,,,,
042,245,w,,,,,,eor(um),eoꝝ,,,,,lat,,,,42-08,,,,
042,246,w,,,,,,silicet,ſılıcet,,,,,lat,,,,42-08,,,,
042,247,w,,,,,,mobilib(us),mobılıbꝫ,,,,,lat,,,,42-08,,,,
042,248,w,,,,,,(et),,,,,,lat,,,,42-08,,,,
042,249,w,,,,,,i(m)mobilib(us),ı̅mobılıbꝫ,,,,,lat,,,,42-08,,,,
042,250,w,,,,,,que,que,,,,,lat,,,,42-08,,,,
042,251,w,,,,,,⸌sua⸍,⸌ſua⸍,,,,,lat,,,,42-08,,,,
042,252,w,,,,,,sunt,ſunt,,,,,lat,,,,42-08,,,,
042,253,w,,,,,,ibidem,ıbıꝺe,,,,,lat,,,,42-08,,,,
042,254,w,,,,,,p(re)d(i)c(t)is,p͛ꝺc̅ıs,,,,,lat,,,,42-08,,,,
042,255,w,,,,,,silicet,ſılıcet,,,,,lat,,,,42-08,,,,
042,256,w,,,,,,d(omi)no,ꝺn̅o,,,,,lat,,,,42-08,,,,
042,257,PE,b,AndOlu001,,,,,,,,,,,,,,,165,,,
042,258,w,,,,,,Andree,nꝺɼee,,,,,lat,,,,42-08,165,,,
042,259,PE,e,AndOlu001,,,,,,,,,,,,,,,165,,,
042,260,w,,,,,,(et),,,,,,lat,,,,42-08,,,,
042,261,p,,,,,,/,/,,,,,lat,,,,42-08,,,,
042,262,lm,42-09,,,,,,,,,,,,,,,,,,,
042,263,PE,b,JohLil001,,,,,,,,,,,,,,,166,,,
042,264,w,,,,,,Joh(ann)i,Joh̅ı,,,,,lat,,,,42-09,166,,,
042,265,PE,e,JohLil001,,,,,,,,,,,,,,,166,,,
042,266,w,,,,,,scotaret,ſcotaret,,,,,lat,,,,42-09,,,,
042,267,p,,,,,,,,,,,,lat,,,,42-09,,,,
042,268,w,,,,,,quib(us),quıbꝫ,,,,,lat,,,,42-09,,,,
042,269,w,,,,,,iidem,ííꝺe,,,,,lat,,,,42-09,,,,
042,270,w,,,,,,contenti,contentí,,,,,lat,,,,42-09,,,,
042,271,w,,,,,,e(ss)ent,ee̅nt,,,,,lat,,,,42-09,,,,
042,272,w,,,,,,pro,pro,,,,,lat,,,,42-09,,,,
042,273,w,,,,,,port(i)one,poꝛt̅one,,,,,lat,,,,42-09,,,,
042,274,w,,,,,,h(er)editatis,h͛eꝺıtatıs,,,,,lat,,,,42-09,,,,
042,275,p,,,,,,/,/,,,,,lat,,,,42-09,,,,
042,276,w,,,,,,que,que,,,,,lat,,,,42-09,,,,
042,277,w,,,,,,ip(s)os,ıp̅os,,,,,lat,,,,42-09,,,,
042,278,w,,,,,,conting(er)e,contıng͛e,,,,,lat,,,,42-09,,,,
042,279,w,,,,,,posset,poſſet,,,,,lat,,,,42-09,,,,
042,280,w,,,,,,ex,ex,,,,,lat,,,,42-09,,,,
042,281,w,,,,,,bonis,bonís,,,,,lat,,,,42-09,,,,
042,282,w,,,,,,eiusdem,eıuſꝺe,,,,,lat,,,,42-09,,,,
042,283,w,,,,,,d(omi)ne,ꝺn̅e,,,,,lat,,,,42-09,,,,
042,284,p,,,,,,/,/,,,,,lat,,,,42-09,,,,
042,285,w,,,,,,Que,Que,,,,,lat,,,,42-09,,,,
042,286,w,,,,,,scøtat(i)o,ſcøtt̅o,,,,,lat,,,,42-09,,,,
042,287,w,,,,,,statim,ﬅatí,,,,,lat,,,,42-09,,,,
042,288,w,,,,,,f(a)c(t)a,fc̅,,,,,lat,,,,42-09,,,,
042,289,w,,,,,,est,eﬅ,,,,,lat,,,,42-09,,,,
042,290,w,,,,,,hac,hc,,,,,lat,,,,42-09,,,,
042,291,w,,,,,,condi¦t(i)one,conꝺí-¦t̅one,,,,,lat,,,,42-09—42-10,,,,
042,292,w,,,,,,int(er)posita,ınt͛poſıt,,,,,lat,,,,42-10,,,,
042,293,p,,,,,,/,/,,,,,lat,,,,42-10,,,,
042,294,w,,,,,,q(uo)d,qꝺ̅,,,,,lat,,,,42-10,,,,
042,295,w,,,,,,d(i)c(t)a,ꝺc̅a,,,,,lat,,,,42-10,,,,
042,296,w,,,,,,bona,bona,,,,,lat,,,,42-10,,,,
042,297,w,,,,,,nichilomi(nus),nıchıloıꝰ,,,,,lat,,,,42-10,,,,
042,298,w,,,,,,i(n),ı̅,,,,,lat,,,,42-10,,,,
042,299,w,,,,,,possessione,poſſeſſıone,,,,,lat,,,,42-10,,,,
042,300,w,,,,,,p(re)d(i)c(t)e,p͛ꝺc̅e,,,,,lat,,,,42-10,,,,
042,301,w,,,,,,d(omi)ne,ꝺn̅e,,,,,lat,,,,42-10,,,,
042,302,PE,b,IngReg001,,,,,,,,,,,,,,,167,,,
042,303,w,,,,,,Jngærth,Jngærth,,,,,lat,,,,42-10,167,,,
042,304,PE,e,IngReg001,,,,,,,,,,,,,,,167,,,
042,305,w,,,,,,remanere(n)t,remnere̅t,,,,,lat,,,,42-10,,,,
042,306,w,,,,,,vsq(ue),ỽſqꝫ,,,,,lat,,,,42-10,,,,
042,307,w,,,,,,Ad,ꝺ,,,,,lat,,,,42-10,,,,
042,308,w,,,,,,(com)pletum,ↄpletu,,,,,lat,,,,42-10,,,,
042,309,w,,,,,,t(ri)enniu(m),tenníu̅,,,,,lat,,,,42-10,,,,
042,310,w,,,,,,f(a)c(t)a,fc̅a,,,,,lat,,,,42-10,,,,
042,311,w,,,,,,(com)putat(i)one,ↄputt̅one,,,,,lat,,,,42-10,,,,
042,312,w,,,,,,a,a,,,,,lat,,,,42-10,,,,
042,313,w,,,,,,p(ro)xi(m)o,ꝓxı̅o,,,,,lat,,,,42-10,,,,
042,314,w,,,,,,seq(ue)nti,ſeqn̅tı,,,,,lat,,,,42-10,,,,
042,315,w,,,,,,festo,feﬅo,,,,,lat,,,,42-10,,,,
042,316,w,,,,,,s(an)c(t)j,c̅ȷ,,,,,lat,,,,42-10,,,,
042,317,lm,42-11,,,,,,,,,,,,,,,,,,,
042,318,PE,b,,,,,,,,,,,,,,,,168,,,
042,319,w,,,,,,michaelis,mıchaelıs,,,,,lat,,,,42-11,168,,,
042,320,PE,e,,,,,,,,,,,,,,,,168,,,
042,321,p,,,,,,/,/,,,,,lat,,,,42-11,,,,
042,322,w,,,,,,(et),,,,,,lat,,,,42-11,,,,
042,323,w,,,,,,quod,quoꝺ,,,,,lat,,,,42-11,,,,
042,324,w,,,,,,ip(s)a,ıp̅a,,,,,lat,,,,42-11,,,,
042,325,w,,,,,,om(ne)s,om̅s,,,,,lat,,,,42-11,,,,
042,326,w,,,,,,p(ro)uentus,ꝓuentus,,,,,lat,,,,42-11,,,,
042,327,w,,,,,,d(i)c(t)or(um),ꝺc̅oꝝ,,,,,lat,,,,42-11,,,,
042,328,w,,,,,,t(ri)um,tu,,,,,lat,,,,42-11,,,,
042,329,w,,,,,,A(n)nor(um),̅noꝝ,,,,,lat,,,,42-11,,,,
042,330,w,,,,,,integre,ıntegre,,,,,lat,,,,42-11,,,,
042,331,w,,,,,,p(er)cipiat,ꝑcıpıt,,,,,lat,,,,42-11,,,,
042,332,w,,,,,,siue,ſıue,,,,,lat,,,,42-11,,,,
042,333,w,,,,,,p(er),ꝑ,,,,,lat,,,,42-11,,,,
042,334,w,,,,,,seip(s)am,ſeıp̅a,,,,,lat,,,,42-11,,,,
042,335,w,,,,,,si,ſı,,,,,lat,,,,42-11,,,,
042,336,w,,,,,,uixerit,uıxerít,,,,,lat,,,,42-11,,,,
042,337,p,,,,,,/,/,,,,,lat,,,,42-11,,,,
042,338,w,,,,,,v(e)l,ỽl̅,,,,,lat,,,,42-11,,,,
042,339,w,,,,,,hij,hí,,,,,lat,,,,42-11,,,,
042,340,w,,,,,,quib(us),quıbꝫ,,,,,lat,,,,42-11,,,,
042,341,w,,,,,,ip(s)a,ıp̅a,,,,,lat,,,,42-11,,,,
042,342,w,,,,,,eosdem,eoſꝺe,,,,,lat,,,,42-11,,,,
042,343,w,,,,,,prouentus,prouentus,,,,,lat,,,,42-11,,,,
042,344,w,,,,,,donau(er)it,ꝺonau͛ıt,,,,,lat,,,,42-11,,,,
042,345,w,,,,,,u(e)l,ul̅,,,,,lat,,,,42-11,,,,
042,346,w,,,,,,legau(er)it,legau͛ıt,,,,,lat,,,,42-11,,,,
042,347,w,,,,,,si,ſí,,,,,lat,,,,42-11,,,,
042,348,lm,42-12,,,,,,,,,,,,,,,,,,,
042,349,w,,,,,,ei,eı,,,,,lat,,,,42-12,,,,
042,350,w,,,,,,Aliquid,lıquıꝺ,,,,,lat,,,,42-12,,,,
042,351,w,,,,,,hu(m)anit(us),hu̅anıtꝰ,,,,,lat,,,,42-12,,,,
042,352,w,,,,,,contig(er)it,contıg͛ıt,,,,,lat,,,,42-12,,,,
042,353,p,,,,,,/,/,,,,,lat,,,,42-12,,,,
042,354,w,,,,,,Prefati,Prefatí,,,,,lat,,,,42-12,,,,
042,355,w,,,,,,v(er)o,ỽ͛o,,,,,lat,,,,42-12,,,,
042,356,w,,,,,,d(omi)n(u)s,ꝺn̅s,,,,,lat,,,,42-12,,,,
042,357,PE,b,AndOlu001,,,,,,,,,,,,,,,169,,,
042,358,w,,,,,,Andreas,nꝺres,,,,,lat,,,,42-12,169,,,
042,359,PE,e,AndOlu001,,,,,,,,,,,,,,,169,,,
042,360,p,,,,,,/,/,,,,,lat,,,,42-12,,,,
042,361,w,,,,,,(et),,,,,,lat,,,,42-12,,,,
042,362,PE,b,JohLil001,,,,,,,,,,,,,,,170,,,
042,363,w,,,,,,ioh(ann)es,ıoh̅es,,,,,lat,,,,42-12,170,,,
042,364,PE,e,JohLil001,,,,,,,,,,,,,,,170,,,
042,365,p,,,,,,/,/,,,,,lat,,,,42-12,,,,
042,366,w,,,,,,suum,ſuu,,,,,lat,,,,42-12,,,,
042,367,w,,,,,,Adhibueru(n)t,ꝺhıbueru̅t,,,,,lat,,,,42-12,,,,
042,368,w,,,,,,plenu(m),plenu̅,,,,,lat,,,,42-12,,,,
042,369,w,,,,,,consensum,conſenſu,,,,,lat,,,,42-12,,,,
042,370,w,,,,,,q(uo)d,qꝺ̅,,,,,lat,,,,42-12,,,,
042,371,w,,,,,,seped(i)c(t)a,ſepeꝺc̅a,,,,,lat,,,,42-12,,,,
042,372,w,,,,,,d(omi)na,ꝺn̅a,,,,,lat,,,,42-12,,,,
042,373,PE,b,IngReg001,,,,,,,,,,,,,,,171,,,
042,374,w,,,,,,Jngærth,Jngærth,,,,,lat,,,,42-12,171,,,
042,375,PE,e,IngReg001,,,,,,,,,,,,,,,171,,,
042,376,w,,,,,,om(n)ia,om̅ı,,,,,lat,,,,42-12,,,,
042,377,w,,,,,,sua,sua,,,,,lat,,,,42-12,,,,
042,378,w,,,,,,reliqua,relıqua,,,,,lat,,,,42-12,,,,
042,379,w,,,,,,bona,bon,,,,,lat,,,,42-12,,,,
042,380,p,,,,,,/,/,,,,,lat,,,,42-12,,,,
042,381,lm,42-13,,,,,,,,,,,,,,,,,,,
042,382,w,,,,,,mobilia,mobılıa,,,,,lat,,,,42-13,,,,
042,383,w,,,,,,(et),,,,,,lat,,,,42-13,,,,
042,384,w,,,,,,i(m)mob(i)lia,ı̅mobl̅ıa,,,,,lat,,,,42-13,,,,
042,385,w,,,,,,vendat,ỽenꝺat,,,,,lat,,,,42-13,,,,
042,386,p,,,,,,/,/,,,,,lat,,,,42-13,,,,
042,387,w,,,,,,donet,ꝺonet,,,,,lat,,,,42-13,,,,
042,388,w,,,,,,u(e)l,ul̅,,,,,lat,,,,42-13,,,,
042,389,w,,,,,,leget,leget,,,,,lat,,,,42-13,,,,
042,390,p,,,,,,/,/,,,,,lat,,,,42-13,,,,
042,391,w,,,,,,seu,ſeu,,,,,lat,,,,42-13,,,,
042,392,w,,,,,,quocumq(ue),quocuqꝫ,,,,,lat,,,,42-13,,,,
042,393,w,,,,,,modo,moꝺo,,,,,lat,,,,42-13,,,,
042,394,w,,,,,,uelit,uelít,,,,,lat,,,,42-13,,,,
042,395,w,,,,,,alienet,alıenet,,,,,lat,,,,42-13,,,,
042,396,p,,,,,,/,/,,,,,lat,,,,42-13,,,,
042,397,w,,,,,,quib(us)cumq(ue),quıbꝫcuqꝫ,,,,,lat,,,,42-13,,,,
042,398,w,,,,,,eciam,ecı,,,,,lat,,,,42-13,,,,
042,399,w,,,,,,p(er)sonis,ꝑſonís,,,,,lat,,,,42-13,,,,
042,400,p,,,,,,/,/,,,,,lat,,,,42-13,,,,
042,401,w,,,,,,Cet(eru)m,Cet͛,,,,,lat,,,,42-13,,,,
042,402,w,,,,,,seped(i)c(t)j,ſepeꝺc̅ȷ,,,,,lat,,,,42-13,,,,
042,403,w,,,,,,d(omi)n(u)s,ꝺn̅s,,,,,lat,,,,42-13,,,,
042,404,PE,b,AndOlu001,,,,,,,,,,,,,,,172,,,
042,405,w,,,,,,Andreas,nꝺreas,,,,,lat,,,,42-13,172,,,
042,406,PE,e,AndOlu001,,,,,,,,,,,,,,,172,,,
042,407,w,,,,,,(et),,,,,,lat,,,,42-13,,,,
042,408,PE,b,JohLil001,,,,,,,,,,,,,,,173,,,
042,409,w,,,,,,Joh(ann)es,Joh̅es,,,,,lat,,,,42-13,173,,,
042,410,PE,e,JohLil001,,,,,,,,,,,,,,,173,,,
042,411,w,,,,,,sup(er),ſuꝑ,,,,,lat,,,,42-13,,,,
042,412,w,,,,,,bonis,bonís,,,,,lat,,,,42-13,,,,
042,413,w,,,,,,siue,ſıue,,,,,lat,,,,42-13,,,,
042,414,lm,42-14,,,,,,,,,,,,,,,,,,,
042,415,w,,,,,,possessionib(us),poſſeſſıoníbꝫ,,,,,lat,,,,42-14,,,,
042,416,w,,,,,,p(er),ꝑ,,,,,lat,,,,42-14,,,,
042,417,w,,,,,,d(i)c(t)am,ꝺc̅a,,,,,lat,,,,42-14,,,,
042,418,w,,,,,,d(omi)nam,ꝺn̅a,,,,,lat,,,,42-14,,,,
042,419,w,,,,,,p(ri)us,pus,,,,,lat,,,,42-14,,,,
042,420,w,,,,,,iuste,íuﬅe,,,,,lat,,,,42-14,,,,
042,421,w,,,,,,(et),,,,,,lat,,,,42-14,,,,
042,422,w,,,,,,s(e)c(un)d(u)m,ſcꝺ̅,,,,,lat,,,,42-14,,,,
042,423,w,,,,,,leges,legeſ,,,,,lat,,,,42-14,,,,
042,424,w,,,,,,t(er)re,t͛re,,,,,lat,,,,42-14,,,,
042,425,w,,,,,,alienatis,alıenatıs,,,,,lat,,,,42-14,,,,
042,426,p,,,,,,/,/,,,,,lat,,,,42-14,,,,
042,427,w,,,,,,repetendis,repetenꝺıs,,,,,lat,,,,42-14,,,,
042,428,p,,,,,,/,/,,,,,lat,,,,42-14,,,,
042,429,w,,,,,,v(e)l,ỽl̅,,,,,lat,,,,42-14,,,,
042,430,w,,,,,,quocumq(ue),quocumqꝫ,,,,,lat,,,,42-14,,,,
042,431,w,,,,,,modo,moꝺo,,,,,lat,,,,42-14,,,,
042,432,w,,,,,,inpetendis,ínpetenꝺís,,,,,lat,,,,42-14,,,,
042,433,p,,,,,,/,/,,,,,lat,,,,42-14,,,,
042,434,w,,,,,,si,ſı,,,,,lat,,,,42-14,,,,
042,435,w,,,,,,quod,quoꝺ,,,,,lat,,,,42-14,,,,
042,436,w,,,,,,ius,íus,,,,,lat,,,,42-14,,,,
042,437,w,,,,,,eis,eís,,,,,lat,,,,42-14,,,,
042,438,w,,,,,,compet(er)et,compet͛et,,,,,lat,,,,42-14,,,,
042,439,p,,,,,,.,.,,,,,lat,,,,42-14,,,,
042,440,w,,,,,,u(e)l,ul̅,,,,,lat,,,,42-14,,,,
042,441,w,,,,,,(com)pet(er)e,ꝯpet͛e,,,,,lat,,,,42-14,,,,
042,442,w,,,,,,uideretur,uıꝺeretur,,,,,lat,,,,42-14,,,,
042,443,p,,,,,,/,/,,,,,lat,,,,42-14,,,,
042,444,lm,42-15,,,,,,,,,,,,,,,,,,,
042,445,w,,,,,,penitus,penıtuſ,,,,,lat,,,,42-15,,,,
042,446,w,,,,,,renu(n)ciarunt,renu̅cırunt,,,,,lat,,,,42-15,,,,
042,447,p,,,,,,/,/,,,,,lat,,,,42-15,,,,
042,448,w,,,,,,Residua,Reſıꝺua,,,,,lat,,,,42-15,,,,
042,449,w,,,,,,Autem,ute,,,,,lat,,,,42-15,,,,
042,450,w,,,,,,bona,bon,,,,,lat,,,,42-15,,,,
042,451,w,,,,,,sua,ſua,,,,,lat,,,,42-15,,,,
042,452,w,,,,,,vniu(er)sa,ỽníu͛ſa,,,,,lat,,,,42-15,,,,
042,453,w,,,,,,tam,t,,,,,lat,,,,42-15,,,,
042,454,w,,,,,,mob(i)lia,mob̅lıa,,,,,lat,,,,42-15,,,,
042,455,w,,,,,,q(ua)m,q,,,,,lat,,,,42-15,,,,
042,456,w,,,,,,i(m)mob(i)lia,ı̅mob̅lıa,,,,,lat,,,,42-15,,,,
042,457,w,,,,,,cum,cu,,,,,lat,,,,42-15,,,,
042,458,w,,,,,,suis,ſuıs,,,,,lat,,,,42-15,,,,
042,459,w,,,,,,Attinenciis,ttınencíıſ,,,,,lat,,,,42-15,,,,
042,460,w,,,,,,om(n)ib(us),om̅ıbꝫ,,,,,lat,,,,42-15,,,,
042,461,p,,,,,,/,/,,,,,lat,,,,42-15,,,,
042,462,w,,,,,,videlicet,ỽıꝺelıcet,,,,,lat,,,,42-15,,,,
042,463,PL,b,122501,,,,,,,,,,,,,,,,,137,
042,464,w,,,,,,Skethæ,Skethæ,,,,,dan,,,,42-15,,,137,
042,465,PL,e,122501,,,,,,,,,,,,,,,,,137,
042,466,w,,,,,,cum,cu,,,,,lat,,,,42-15,,,,
042,467,w,,,,,,molendino,olenꝺíno,,,,,lat,,,,42-15,,,,
042,468,w,,,,,,(et),,,,,,lat,,,,42-15,,,,
042,469,w,,,,,,stag¦no,ﬅag-¦no,,,,,lat,,,,42-15—42-16,,,,
042,470,p,,,,,,/,/,,,,,lat,,,,42-16,,,,
042,471,PL,b,122484,,,,,,,,,,,,,,,,,138,
042,472,w,,,,,,Alundæ,lunꝺæ,,,,,dan,,,,42-16,,,138,
042,473,w,,,,,,p(ar)uum,ꝑuu,,,,,lat,,,,42-16,,,138,
042,474,PL,e,122484,,,,,,,,,,,,,,,,,138,
042,475,p,,,,,,/,/,,,,,lat,,,,42-16,,,,
042,476,PL,b,122560,,,,,,,,,,,,,,,,,139,
042,477,w,,,,,,Sualmstorp,Sualﬅoꝛp,,,,,dan,,,,42-16,,,139,
042,478,PL,e,122560,,,,,,,,,,,,,,,,,139,
042,479,p,,,,,,/,/,,,,,lat,,,,42-16,,,,
042,480,PL,b,122526,,,,,,,,,,,,,,,,,140,
042,481,w,,,,,,Anstorp,nﬅoꝛp,,,,,dan,,,,42-16,,,140,
042,482,PL,e,122526,,,,,,,,,,,,,,,,,140,
042,483,p,,,,,,/,/,,,,,lat,,,,42-16,,,,
042,484,PL,b,,,,,,,,,,,,,,,,,,141,
042,485,w,,,,,,Aggarthorp,ggarthoꝛp,,,,,dan,,,,42-16,,,141,
042,486,PL,e,,,,,,,,,,,,,,,,,,141,
042,487,p,,,,,,/,/,,,,,lat,,,,42-16,,,,
042,488,PL,b,,,,,,,,,,,,,,,,,,142,
042,489,w,,,,,,Aggarmark,ggarmark,,,,,dan,,,,42-16,,,142,
042,490,PL,e,,,,,,,,,,,,,,,,,,142,
042,491,p,,,,,,/,/,,,,,lat,,,,42-16,,,,
042,492,PL,b,,,,,,,,,,,,,,,,,,143,
042,493,w,,,,,,Thockæmark,Thockæaʀk,,,,,dan,,,,42-16,,,143,
042,494,PL,e,,,,,,,,,,,,,,,,,,143,
042,495,p,,,,,,/,/,,,,,lat,,,,42-16,,,,
042,496,PL,b,102632,,,,,,,,,,,,,,,,,144,
042,497,w,,,,,,Jatnæsløf,Jatnæſløf,,,,,dan,,,,42-16,,,144,
042,498,PL,e,102632,,,,,,,,,,,,,,,,,144,
042,499,p,,,,,,/,/,,,,,lat,,,,42-16,,,,
042,500,PL,b,,,,,,,,,,,,,,,,,,145,
042,501,w,,,,,,Aggæthorp,ggæthoꝛp,,,,,dan,,,,42-16,,,145,
042,502,PL,e,,,,,,,,,,,,,,,,,,145,
042,503,w,,,,,,cum,cu,,,,,lat,,,,42-16,,,,
042,504,w,,,,,,piscatura,pıſcatur,,,,,lat,,,,42-16,,,,
042,505,w,,,,,,ibidem,ıbıꝺe,,,,,lat,,,,42-16,,,,
042,506,p,,,,,,/,/,,,,,lat,,,,42-16,,,,
042,507,w,,,,,,que,que,,,,,lat,,,,42-16,,,,
042,508,w,,,,,,dicitur,ꝺıcıtur,,,,,lat,,,,42-16,,,,
042,509,PL,b,,,,,,,,,,,,,,,,,,146,
042,510,w,,,,,,Waalbut,Waalbut,,,,,dan,,,,42-16,,,146,
042,511,PL,e,,,,,,,,,,,,,,,,,,146,
042,512,lm,42-17,,,,,,,,,,,,,,,,,,,
042,513,PL,b,,,,,,,,,,,,,,,,,,147,
042,514,w,,,,,,Walby,Walbẏ,,,,,dan,,,,42-17,,,147,
042,515,PL,e,,,,,,,,,,,,,,,,,,147,
042,516,p,,,,,,.,.,,,,,lat,,,,42-17,,,,
042,517,PL,b,102760,,,,,,,,,,,,,,,,,148,
042,518,w,,,,,,barnæthorp,barnæthoꝛp,,,,,dan,,,,42-17,,,148,
042,519,PL,e,102760,,,,,,,,,,,,,,,,,148,
042,520,p,,,,,,.,.,,,,,lat,,,,42-17,,,,
042,521,PL,b,102800,,,,,,,,,,,,,,,,,149,
042,522,w,,,,,,hæddingæ,hæꝺꝺíngæ,,,,,dan,,,,42-17,,,149,
042,523,w,,,,,,paruum,paruu,,,,,lat,,,,42-17,,,149,
042,524,PL,e,102800,,,,,,,,,,,,,,,,,149,
042,525,p,,,,,,/,/,,,,,lat,,,,42-17,,,,
042,526,PL,b,,,,,,,,,,,,,,,,,,150,
042,527,w,,,,,,Swænstorp,Swænﬅoꝛp,,,,,dan,,,,42-17,,,150,
042,528,PL,e,,,,,,,,,,,,,,,,,,150,
042,529,p,,,,,,.,.,,,,,lat,,,,42-17,,,,
042,530,PL,b,148777,,,,,,,,,,,,,,,,,151,
042,531,w,,,,,,Grønholt,Grøholt,,,,,dan,,,,42-17,,,151,
042,532,PL,e,148777,,,,,,,,,,,,,,,,,151,
042,533,w,,,,,,cum,cu,,,,,lat,,,,42-17,,,,
042,534,w,,,,,,equicio,equícío,,,,,lat,,,,42-17,,,,
042,535,p,,,,,,/,/,,,,,lat,,,,42-17,,,,
042,536,w,,,,,,duas,ꝺuas,,,,,lat,,,,42-17,,,,
042,537,w,,,,,,partes,parteſ,,,,,lat,,,,42-17,,,,
042,538,w,,,,,,de,ꝺe,,,,,lat,,,,42-17,,,,
042,539,PL,b,103812,,,,,,,,,,,,,,,,,152,
042,540,w,,,,,,Tubald,Tubalꝺ,,,,,dan,,,,42-17,,,152,
042,541,PL,e,103812,,,,,,,,,,,,,,,,,152,
042,542,w,,,,,,in,ín,,,,,lat,,,,42-17,,,,
042,543,PL,b,103789,,,,,,,,,,,,,,,,,153,
042,544,w,,,,,,møn,ø,,,,,dan,,,,42-17,,,153,
042,545,PL,e,103789,,,,,,,,,,,,,,,,,153,
042,546,w,,,,,,Ad,ꝺ,,,,,lat,,,,42-17,,,,
042,547,w,,,,,,fundat(i)o(n)em,funꝺat̅oe,,,,,lat,,,,42-17,,,,
042,548,w,,,,,,(et),,,,,,lat,,,,42-17,,,,
042,549,w,,,,,,dotat(i)o(n)em,ꝺotat̅oe,,,,,lat,,,,42-17,,,,
042,550,w,,,,,,monast(er)ij,monaﬅ͛ıȷ,,,,,lat,,,,42-17,,,,
042,551,w,,,,,,monialium,onıalıu,,,,,lat,,,,42-17,,,,
042,552,p,,,,,,.,.,,,,,lat,,,,42-17,,,,
042,553,w,,,,,,Re¦clusar(um),Re-¦cluſaꝝ,,,,,lat,,,,42-17—42-18,,,,
042,554,w,,,,,,ordinis,oꝛꝺínís,,,,,lat,,,,42-18,,,,
042,555,w,,,,,,s(an)c(t)i,ſc̅ı,,,,,lat,,,,42-18,,,,
042,556,PE,b,,,,,,,,,,,,,,,,174,,,
042,557,w,,,,,,damianj,ꝺamían,,,,,lat,,,,42-18,174,,,
042,558,PE,e,,,,,,,,,,,,,,,,174,,,
042,559,w,,,,,,earum,eru,,,,,lat,,,,42-18,,,,
042,560,w,,,,,,dumtaxat,ꝺumtaxat,,,,,lat,,,,42-18,,,,
042,561,w,,,,,,que,que,,,,,lat,,,,42-18,,,,
042,562,w,,,,,,redditus,reꝺꝺıtus,,,,,lat,,,,42-18,,,,
042,563,w,,,,,,h(abe)re,hr̅e,,,,,lat,,,,42-18,,,,
042,564,w,,,,,,possunt,poſſunt,,,,,lat,,,,42-18,,,,
042,565,w,,,,,,in,ín,,,,,lat,,,,42-18,,,,
042,566,PL,b,149380,,,,,,,,,,,,,,,,,154,
042,567,w,,,,,,Roskilden(si),Roskılde̅,,,,,lat,,,,42-18,,,154,
042,568,PL,e,149380,,,,,,,,,,,,,,,,,154,
042,569,w,,,,,,dyocesi,ꝺẏoceſı,,,,,lat,,,,42-18,,,,
042,570,w,,,,,,Ad,ꝺ,,,,,lat,,,,42-18,,,,
042,571,w,,,,,,honorem,honoꝛe,,,,,lat,,,,42-18,,,,
042,572,w,,,,,,d(e)j,ꝺȷ̅,,,,,lat,,,,42-18,,,,
042,573,w,,,,,,(et),,,,,,lat,,,,42-18,,,,
042,574,w,,,,,,s(an)c(t)j,ſc̅ȷ,,,,,lat,,,,42-18,,,,
042,575,PE,b,,,,,,,,,,,,,,,,175,,,
042,576,w,,,,,,francisci,francıſcí,,,,,lat,,,,42-18,175,,,
042,577,PE,e,,,,,,,,,,,,,,,,175,,,
042,578,w,,,,,,(et),,,,,,lat,,,,42-18,,,,
042,579,w,,,,,,s(an)c(t)e,ſc̅e,,,,,lat,,,,42-18,,,,
042,580,PE,b,,,,,,,,,,,,,,,,176,,,
042,581,w,,,,,,clare,clare,,,,,lat,,,,42-18,176,,,
042,582,PE,e,,,,,,,,,,,,,,,,176,,,
042,583,w,,,,,,constitu¦endi,conﬅıtu-¦enꝺı,,,,,lat,,,,42-18—42-19,,,,
042,584,w,,,,,,donauit,ꝺonauít,,,,,lat,,,,42-19,,,,
042,585,p,,,,,,/,/,,,,,lat,,,,42-19,,,,
042,586,w,,,,,,(et),,,,,,lat,,,,42-19,,,,
042,587,w,,,,,,no(m)i(n)e,no̅ıe,,,,,lat,,,,42-19,,,,
042,588,w,,,,,,d(i)c(t)j,ꝺc̅ȷ,,,,,lat,,,,42-19,,,,
042,589,w,,,,,,monast(er)ij,onaſt͛ıȷ,,,,,lat,,,,42-19,,,,
042,590,w,,,,,,i(n),ı̅,,,,,lat,,,,42-19,,,,
042,591,w,,,,,,manus,mnus,,,,,lat,,,,42-19,,,,
042,592,w,,,,,,n(ost)ras,nr̅as,,,,,lat,,,,42-19,,,,
042,593,w,,,,,,scotauit,ſcotuít,,,,,lat,,,,42-19,,,,
042,594,p,,,,,,/,/,,,,,lat,,,,42-19,,,,
042,595,w,,,,,,siue,ſıue,,,,,lat,,,,42-19,,,,
042,596,w,,,,,,p(er),ꝑ,,,,,lat,,,,42-19,,,,
042,597,w,,,,,,scotat(i)o(n)em,ſcott̅oe,,,,,lat,,,,42-19,,,,
042,598,w,,,,,,t(ra)didit,tꝺıꝺıt,,,,,lat,,,,42-19,,,,
042,599,p,,,,,,/,/,,,,,lat,,,,42-19,,,,
042,600,w,,,,,,Jta,Jt,,,,,lat,,,,42-19,,,,
042,601,w,,,,,,tam(en),t̅,,,,,lat,,,,42-19,,,,
042,602,w,,,,,,q(uo)d,qꝺ̅,,,,,lat,,,,42-19,,,,
042,603,w,,,,,,s(e)c(un)d(u)m,ſc̅ꝺ,,,,,lat,,,,42-19,,,,
042,604,w,,,,,,consiliu(m),conſılıu̅,,,,,lat,,,,42-19,,,,
042,605,w,,,,,,(et),,,,,,lat,,,,42-19,,,,
042,606,w,,,,,,ordinat(i)o(n)em,oꝛꝺínat̅oe,,,,,lat,,,,42-19,,,,
042,607,w,,,,,,venerab(i)lis,ỽenerabl̅ıs,,,,,lat,,,,42-19,,,,
042,608,w,,,,,,p(at)ris,pr̅ıs,,,,,lat,,,,42-19,,,,
042,609,w,,,,,,Ep(iscop)i,p̅ı,,,,,lat,,,,42-19,,,,
042,610,PL,b,149195,,,,,,,,,,,,,,,,,155,
042,611,w,,,,,,Roskil¦densis,Roskıl-¦ꝺenſıs,,,,,lat,,,,42-19—42-20,,,155,
042,612,PL,e,149195,,,,,,,,,,,,,,,,,155,
042,613,p,,,,,,/,/,,,,,lat,,,,42-20,,,,
042,614,w,,,,,,Cuj(us),Cuȷꝰ,,,,,lat,,,,42-20,,,,
042,615,w,,,,,,prouidencie,prouıꝺencıe,,,,,lat,,,,42-20,,,,
042,616,w,,,,,,p(re)d(i)c(t)a,p͛ꝺc̅a,,,,,lat,,,,42-20,,,,
042,617,w,,,,,,bona,bon,,,,,lat,,,,42-20,,,,
042,618,w,,,,,,(com)misimus,ꝯmıſíus,,,,,lat,,,,42-20,,,,
042,619,w,,,,,,pro,pro,,,,,lat,,,,42-20,,,,
042,620,w,,,,,,debitis,ꝺebıtıs,,,,,lat,,,,42-20,,,,
042,621,w,,,,,,eiusdem,eíuſꝺe,,,,,lat,,,,42-20,,,,
042,622,w,,,,,,d(omi)ne,ꝺn̅e,,,,,lat,,,,42-20,,,,
042,623,w,,,,,,possint,poſſínt,,,,,lat,,,,42-20,,,,
042,624,w,,,,,,Aliqua,lıqua,,,,,lat,,,,42-20,,,,
042,625,w,,,,,,ex,ex,,,,,lat,,,,42-20,,,,
042,626,w,,,,,,d(i)c(t)is,ꝺc̅ıs,,,,,lat,,,,42-20,,,,
042,627,w,,,,,,bonis,bonís,,,,,lat,,,,42-20,,,,
042,628,w,,,,,,si,ſí,,,,,lat,,,,42-20,,,,
042,629,w,,,,,,!n(e)cc(ess)e¡,!nc̅ce¡,,,,,lat,,,,42-20,,,,
042,630,w,,,,,,fu(er)it,fu͛ıt,,,,,lat,,,,42-20,,,,
042,631,w,,,,,,alienarj,alıenar,,,,,lat,,,,42-20,,,,
042,632,p,,,,,,.,.,,,,,lat,,,,42-20,,,,
042,633,w,,,,,,Talis,Talıs,,,,,lat,,,,42-20,,,,
042,634,w,,,,,,eciam,ecıa,,,,,lat,,,,42-20,,,,
042,635,w,,,,,,int(er),ínt͛,,,,,lat,,,,42-20,,,,
042,636,w,,,,,,ip(s)os,ıp̅os,,,,,lat,,,,42-20,,,,
042,637,w,,,,,,condit(i)o,conꝺıt̅o,,,,,lat,,,,42-20,,,,
042,638,w,,,,,,int(er)¦uenit,ínt͛-¦uenít,,,,,lat,,,,42-20—42-21,,,,
042,639,p,,,,,,/,/,,,,,lat,,,,42-21,,,,
042,640,w,,,,,,quod,quoꝺ,,,,,lat,,,,42-21,,,,
042,641,w,,,,,,si,ſı,,,,,lat,,,,42-21,,,,
042,642,w,,,,,,d(i)c(t)a,ꝺc̅a,,,,,lat,,,,42-21,,,,
042,643,w,,,,,,d(omi)na,ꝺn̅a,,,,,lat,,,,42-21,,,,
042,644,w,,,,,,Aliqua,lıqu,,,,,lat,,,,42-21,,,,
042,645,w,,,,,,de,ꝺe,,,,,lat,,,,42-21,,,,
042,646,w,,,,,,bonis,bonís,,,,,lat,,,,42-21,,,,
042,647,w,,,,,,suis,ſuís,,,,,lat,,,,42-21,,,,
042,648,w,,,,,,i(m)mob(i)lib(us),ı̅mob̅lıbꝫ,,,,,lat,,,,42-21,,,,
042,649,w,,,,,,uendere,uenꝺere,,,,,lat,,,,42-21,,,,
042,650,w,,,,,,uolu(er)it,uolu͛ıt,,,,,lat,,,,42-21,,,,
042,651,w,,,,,,Pret(er),Pret͛,,,,,lat,,,,42-21,,,,
042,652,PL,b,,,,,,,,,,,,,,,,,,156,
042,653,w,,,,,,swænstorp,ſwænﬅoꝛp,,,,,dan,,,,42-21,,,156,
042,654,PL,e,,,,,,,,,,,,,,,,,,156,
042,655,p,,,,,,/,/,,,,,lat,,,,42-21,,,,
042,656,PL,b,102800,,,,,,,,,,,,,,,,,157,
042,657,w,,,,,,Hæddinghæ,Hæꝺꝺınghæ,,,,,dan,,,,42-21,,,157,
042,658,w,,,,,,Litlæ,Lıtlæ,,,,,dan,,,,42-21,,,157,
042,659,PL,e,102800,,,,,,,,,,,,,,,,,157,
042,660,p,,,,,,/,/,,,,,lat,,,,42-21,,,,
042,661,PL,b,103812,,,,,,,,,,,,,,,,,158,
042,662,w,,,,,,Tubaldæ,Tubalꝺæ,,,,,dan,,,,42-21,,,158,
042,663,PL,e,103812,,,,,,,,,,,,,,,,,158,
042,664,p,,,,,,/,/,,,,,lat,,,,42-21,,,,
042,665,w,,,,,,quib(us),quıbꝫ,,,,,lat,,,,42-21,,,,
042,666,w,,,,,,d(i)c(t)j,ꝺc̅ȷ,,,,,lat,,,,42-21,,,,
042,667,w,,,,,,d(omi)n(u)s,ꝺn̅s,,,,,lat,,,,42-21,,,,
042,668,PE,b,AndOlu001,,,,,,,,,,,,,,,177,,,
042,669,w,,,,,,Andreas,nꝺreas,,,,,lat,,,,42-21,177,,,
042,670,PE,e,AndOlu001,,,,,,,,,,,,,,,177,,,
042,671,w,,,,,,(et),,,,,,lat,,,,42-21,,,,
042,672,PE,b,JohLil001,,,,,,,,,,,,,,,178,,,
042,673,w,,,,,,Joh(anne)s,Joh̅s,,,,,lat,,,,42-21,178,,,
042,674,PE,e,JohLil001,,,,,,,,,,,,,,,178,,,
042,675,w,,,,,,iam,ıa,,,,,lat,,,,42-21,,,,
042,676,lm,42-22,,,,,,,,,,,,,,,,,,,
042,677,w,,,,,,resignarunt,reſıgnarunt,,,,,lat,,,,42-22,,,,
042,678,p,,,,,,/,/,,,,,lat,,,,42-22,,,,
042,679,w,,,,,,Anted(i)c(t)a,nteꝺc̅a,,,,,lat,,,,42-22,,,,
042,680,w,,,,,,d(omi)na,ꝺn̅a,,,,,lat,,,,42-22,,,,
042,681,w,,,,,,p(er),ꝑ,,,,,lat,,,,42-22,,,,
042,682,w,,,,,,sex,ſex,,,,,lat,,,,42-22,,,,
042,683,w,,,,,,m(en)ses,m̅ſes,,,,,lat,,,,42-22,,,,
042,684,w,,,,,,Anteq(ua)m,nteq,,,,,lat,,,,42-22,,,,
042,685,w,,,,,,alij,alıȷ,,,,,lat,,,,42-22,,,,
042,686,w,,,,,,vendat,ỽenꝺat,,,,,lat,,,,42-22,,,,
042,687,w,,,,,,ip(s)is,ıp̅ıs,,,,,lat,,,,42-22,,,,
042,688,w,,,,,,faciat,facıat,,,,,lat,,,,42-22,,,,
042,689,w,,,,,,nu(n)ciarj,nu̅cıar,,,,,lat,,,,42-22,,,,
042,690,p,,,,,,/,/,,,,,lat,,,,42-22,,,,
042,691,d,e,2,,,,,,,,,,,,,,,,,,
042,692,d,b,3,,eschatocol,,,,,,,,,,,,,,,,
042,693,w,,,,,,Actum,Au,,,,,lat,,,,42-22,,,,
042,694,PL,b,131422,,,,,,,,,,,,,,,,,159,
042,695,w,,,,,,Cøpmanhau(e)n,Cøpmanhau̅,,,,,dan,,,,42-22,,,159,
042,696,PL,e,131422,,,,,,,,,,,,,,,,,159,
042,697,w,,,,,,in,ın,,,,,lat,,,,42-22,,,,
042,698,w,,,,,,eccl(es)ia,eccl̅ıa,,,,,lat,,,,42-22,,,,
042,699,w,,,,,,b(ea)te,b̅te,,,,,lat,,,,42-22,,,,
042,700,w,,,,,,v(ir)ginis,ỽgínıs,,,,,lat,,,,42-22,,,,
042,701,p,,,,,,/,/,,,,,lat,,,,42-22,,,,
042,702,n,,,,,,viij,ỽııȷ,,,,,lat,,,,42-22,,,,
042,703,p,,,,,,.,.,,,,,lat,,,,42-22,,,,
042,704,w,,,,,,Jdus,Jꝺus,,,,,lat,,,,42-22,,,,
042,705,p,,,,,,.,.,,,,,lat,,,,42-22,,,,
042,706,w,,,,,,Julij,Julíȷ,,,,,lat,,,,42-22,,,,
042,707,p,,,,,,.,.,,,,,lat,,,,42-22,,,,
042,708,w,,,,,,Anno,nno,,,,,lat,,,,42-22,,,,
042,709,w,,,,,,d(omi)nj,ꝺn̅ȷ,,,,,lat,,,,42-22,,,,
042,710,p,,,,,,.,.,,,,,lat,,,,42-22,,,,
042,711,n,,,,,,mº,ͦ,,,,,lat,,,,42-22,,,,
042,712,p,,,,,,.,.,,,,,lat,,,,42-22,,,,
042,713,lm,42-23,,,,,,,,,,,,,,,,,,,
042,714,n,,,,,,CCº,CͦC,,,,,lat,,,,42-23,,,,
042,715,p,,,,,,.,.,,,,,lat,,,,42-23,,,,
042,716,n,,,,,,L,L,,,,,lat,,,,42-23,,,,
042,717,n,,,,,,vij,ỽıȷ,,,,,lat,,,,42-23,,,,
042,718,p,,,,,,.,.,,,,,lat,,,,42-23,,,,
042,719,w,,,,,,Jn,J,,,,,lat,,,,42-23,,,,
042,720,w,,,,,,euidenc(i)am,euıꝺenc̅a,,,,,lat,,,,42-23,,,,
042,721,w,,,,,,Autem,ute,,,,,lat,,,,42-23,,,,
042,722,w,,,,,,p(re)d(i)c(t)or(um),p͛ꝺc̅oꝝ,,,,,lat,,,,42-23,,,,
042,723,w,,,,,,nos,nos,,,,,lat,,,,42-23,,,,
042,724,w,,,,,,manu,mnu,,,,,lat,,,,42-23,,,,
042,725,w,,,,,,p(ro)p(ri)a,a,,,,,lat,,,,42-23,,,,
042,726,w,,,,,,(et),,,,,,lat,,,,42-23,,,,
042,727,w,,,,,,sigillu(m),ıgıllu̅,,,,,lat,,,,42-23,,,,
042,728,w,,,,,,n(ost)r(u)m,nr͛,,,,,lat,,,,42-23,,,,
042,729,w,,,,,,Apponj,on,,,,,lat,,,,42-23,,,,
042,730,w,,,,,,fecimus,fecímus,,,,,lat,,,,42-23,,,,
042,731,p,,,,,,/,/,,,,,lat,,,,42-23,,,,
042,732,w,,,,,,nos,os,,,,,lat,,,,42-23,,,,
042,733,PE,b,MarSam001,,,,,,,,,,,,,,,179,,,
042,734,w,,,,,,margareta,argaret,,,,,lat,,,,42-23,179,,,
042,735,PE,e,MarSam001,,,,,,,,,,,,,,,179,,,
042,736,w,,,,,,danor(um),ꝺanoꝝ,,,,,lat,,,,42-23,,,,
042,737,w,,,,,,sLau(m)q(ue),Lau̅qꝫ,,,,,lat,,,,42-23,,,,
042,738,w,,,,,,Regina,Regín,,,,,lat,,,,42-23,,,,
042,739,w,,,,,,p(re)d(i)c(t)is,p͛ꝺc̅ıs,,,,,lat,,,,42-23,,,,
042,740,w,,,,,,int(er)fuimus,ínt͛fuímus,,,,,lat,,,,42-23,,,,
042,741,w,,,,,,(et),,,,,,lat,,,,42-23,,,,
042,742,w,,,,,,manu,manu,,,,,lat,,,,42-23,,,,
042,743,p,,,,,,/,/,,,,,lat,,,,42-23,,,,
042,744,lm,42-24,,,,,,,,,,,,,,,,,,,
042,745,w,,,,,,p(ro)p(ri)a,a,,,,,lat,,,,42-24,,,,
042,746,w,,,,,,s(ub)s(cripsimus),.ſ.,,,,,lat,,,,42-24,,,,
042,747,w,,,,,,Ac,c,,,,,lat,,,,42-24,,,,
042,748,w,,,,,,sigillu(m),sıgıllu̅,,,,,lat,,,,42-24,,,,
042,749,w,,,,,,n(ost)r(u)m,nr͛,,,,,lat,,,,42-24,,,,
042,750,w,,,,,,apponj,aon,,,,,lat,,,,42-24,,,,
042,751,w,,,,,,fecimus,fecımus,,,,,lat,,,,42-24,,,,
042,752,p,,,,,,.,.,,,,,lat,,,,42-24,,,,
042,753,w,,,,,,nos,os,,,,,lat,,,,42-24,,,,
042,754,PE,b,JakErl001,,,,,,,,,,,,,,,180,,,
042,755,w,,,,,,Jacob(us),Jacobꝫ,,,,,lat,,,,42-24,180,,,
042,756,PE,e,JakErl001,,,,,,,,,,,,,,,180,,,
042,757,PL,b,,,,,,,,,,,,,,,,,,160,
042,758,w,,,,,,Lunden(sis),Lunꝺe̅,,,,,lat,,,,42-24,,,160,
042,759,PL,e,,,,,,,,,,,,,,,,,,160,
042,760,w,,,,,,Archiep(iscopus),rchıep̅c,,,,,lat,,,,42-24,,,,
042,761,w,,,,,,p(re)d(i)c(t)is,p͛ꝺc̅ıs,,,,,lat,,,,42-24,,,,
042,762,w,,,,,,int(er)fuim(us),ınt͛fuıꝰ,,,,,lat,,,,42-24,,,,
042,763,p,,,,,,.,.,,,,,lat,,,,42-24,,,,
042,764,w,,,,,,(et),,,,,,lat,,,,42-24,,,,
042,765,w,,,,,,ma(n)u,ma̅u,,,,,lat,,,,42-24,,,,
042,766,w,,,,,,prop(ri)a,propa,,,,,lat,,,,42-24,,,,
042,767,w,,,,,,s(ub)s(cripsimus),.ſ.,,,,,lat,,,,42-24,,,,
042,768,w,,,,,,Ac,c,,,,,lat,,,,42-24,,,,
042,769,w,,,,,,sigillu(m),sıgıllu̅,,,,,lat,,,,42-24,,,,
042,770,w,,,,,,n(ost)r(u)m,nr͛,,,,,lat,,,,42-24,,,,
042,771,w,,,,,,apponi,aoní,,,,,lat,,,,42-24,,,,
